M1_tot,M2_tot,M3_tot,M4_tot,M5_tot,M6_tot,M7_tot
possum
possum
possum
possum
oportet
debeo
debeo
possum
oportet
iniquus
certus
possum
possum
necessitudo
possum
possum
possum
possum
possum
possum
possum
oportet
possum
possum
iniquus
certus
necesse sum
certus,potestas
debeo,possum
fortasse
possum
possum,possum,facultas,possum
possum
possum,dubius
certus
oportet
possum
possum
certe
possum
certe,potestas
debeo
possum,forsitan
valet
possum
licet
possum
possum,possum
possum,debeo
possum
possum
certe,fortasse,certe,usus sum
debeo
certe,debeo,possum
certus
necesse sum
debeo,certe,debeo,debeo
debeo,necessarius
debeo
possum
oportet
possum
possum
certus,debeo
certe
possum
possum
oportet
certe,possum,possum
usus sum
possum
possum
possum
fortasse,possum
debeo
possum
oportet
possum,possum
licet
possum
possum
fortasse
iniquus
possum
queo,possum,debeo,debeo
possum,possum
possum
potestas
certe
possum
possum
possum
certus
licet
opus sum
necessarius
possum
possum
incertus,dubius,possum
possum
possum
possum
licet
possum
iniquus
aequus,debeo
possum
possum
debeo
certe,aeque
certe,possum
possum
facultas
debeo
certus,certus
decet
possum
possum
debeo
debeo,debeo,necessarius
possum,possum
debeo
possum
possum,debeo,fortasse
opus sum
possum
possum
debeo
possum
possum
incertus
possum
possum
certe
possum
possum
possum
possum
debeo
possum
possum
possum
possum
certus
possum
possum
fortasse
fortasse
oportet
possum
possum
possum
possum
fortasse
possum
possum,debeo
fortasse
necesse sum
fortasse,possum
possum
possum
possum
fortasse
fortasse
certus
possum,possum
potestas
possum,certus
oportet
dubius
possum
dubius
certus
meum sum
possum
possum
dubius
possum
possum
oportet
necessitudo
possum
incertus
necessarius,valet,debeo
possum
possum,possum
aptus
possum
forte
necesse sum,possum,aptus
possum,possum
possum
possum
opus sum
possum,possum
facultas
necessitudo
necessarius
possum,aptus
necessarius,debeo
possum
possum
possum
debeo
possum
debeo
possum
facultas
possum
possum
possum,aptus
possum
possum,possum
dubius
possum
possum
possum
aequus,iniquus
possum
possum
iniquus
facultas
possum
possum
debeo
possum
possum,incertus
possum
possum
debeo
certus
possum
certus,possum
possum
aequus,possum
possum
necessarius
possum
possum
forte
certe
necessarius
possum,necessario
debeo
possum
possum,possum
possum
debeo
certus
possum
possum
possum
certus,dubius
possum
possum
certus
possum,debeo
debeo
possum
debeo,possum
possum
debeo
debeo
necessarius
possum
certe
debeo
debeo
possum
necesse sum
possum
possum,licet
possum,debeo
debeo
fortasse,necesse sum
certus
fortasse
licet
possum
debeo,debeo
necessarius
dubius
debeo
possum
possum
possum
possum
possum
possum,possum
debeo
possum
necesse sum
fortasse
possum
debeo,possum,dubius
certe
oportet
possum
debeo,possum
debeo
certus,possum
possum
usus sum
necesse sum
possum
fortasse
possum
possum
necesse sum
debeo
debeo,possum,possum,forsitan
debeo
possum
debeo
necesse sum,licet
possum
licet
possum
forte,possum
debeo
opus sum
possum
certe
opus sum,possum
aeque,possum,debeo
certus
possum
possum
possum
possum
possum
possum
possum
possum
possum,certe
possum
fortasse
potestas
debeo,potestas
potestas
possum
possum
debeo
possum
debeo,possum
possum,oportet,necessitas
aptus
certe
oportet
fortasse
necessitas
fortasse,licet,licet
certus,incertus
necessitas
necessario
debeo,debeo
possum
certe
possum
certus
possum
possum
necessarius
aequus
possum
certus
possum
possum
certus
possum
debeo
possum
possum,certe,possum
facultas
possum,fortasse
possum
possum
possum,possum
certe,possum
certus
possum,possum
certus
debeo,necessitudo
debeo
opus sum,possum,certe
certus
possum,dubius
oportet
debeo
possum
debeo
possum,possum
possum
possum
oportet
necessitudo
certus,potestas
potestas,oportet
possum
debeo
debeo
debeo
aequus
possum
necessarius
potestas
licet,possum
possum
debeo
forte
possum
debeo
possum
possum
possum
necessitudo
possum
necessitudo,debeo
possum
possum
possum
forte
possum
possum
possum
forte,possum
opus sum
opus sum
opus sum
possum
oportet
fortasse,possum
facultas
possum,possum
possum
aptus
aequus
fortasse
necesse sum
forte
possum
possum
fortasse
certe,debeo
possum,possum
certus
possum
possum
possum
possum
debeo
possum
possum
certe
oportet
possum
possum
possum
possum
aptus
necessitudo,possum,possum
debeo,possum
debeo
possum
debeo,possum
possum
debeo
certe,debeo,possum
forte
possum
incertus,possum
debeo
forte
necessitudo,facultas,dubius,debeo
debeo
dubius,possum,possum
debeo
possum
possum
debeo,possum
possum
possum
possum
possum
necessitudo
necesse sum
possum
certe,necesse sum
possum
debeo
meum sum
certus
possum
certe
possum,licet
certe,oportet
possum
certus,necesse sum
possum,facultas
debeo
aequus,iniquus,aequus,debeo
aeque
necessarius
licet
possum
possum
licet
dubius,forsitan
debeo,debeo,debeo
possum
possum
certus
dubius
necesse sum
debeo
incertus,certus
possum
possum
debeo
possum,debeo,possum
possum
debeo
possum,possum
oportet
debeo,debeo
debeo
fortasse,necesse sum
debeo
debeo
possum,certe,debeo
possum
necesse sum
debeo
licet
necessarius
licet
possum
debeo
opus sum,opus sum,opus sum
certus
possum,certe
possum
certe
certus
possum,possum
incertus
debeo,possum
debeo
debeo
dubius
possum
iniquus
necesse sum
debeo
possum
certus
possum
possum
possum
potestas
debeo
possum
licet
possum
debeo
certus
possum,possum
possum
incertus,possum,debeo,possum
debeo
necesse sum
opus sum
debeo
necesse sum
possum
possum
oportet
necessitas
necesse sum
possum
oportet
necesse sum
possum
licet
oportet
licet
necessarius
opus sum
possum
necesse sum,possum
aequus
possum,certe,potestas
possum,possum,debeo,certe
possum
possum
fortasse
possum,possum,necessario
possum
debeo
debeo
possum
possum
certus
necessitudo
necessarius
possum
certus
certus,certus
oportet
debeo
aptus
oportet,possum
possum
possum,possum,debeo
debeo,debeo
aeque
possum,dubius
certus
opus sum
necessitudo
necessitudo
licet
possum
possum
certus,possum
possum,opus sum
possum,possum
debeo
possum
possum,licet
licet
possum
possum,possum
necessitudo,aequus
possum,possum
possum
licet
licet
aequus
possum
possum
forte
licet
licet
possum
debeo
certus
fortasse
possum
possum
fortasse
certe
possum
possum,possum
certus
iniquus
fortasse
certus
certe
certe
possum
certus
licet
licet
certe
possum
certe
certe
facultas
debeo
possum
licet
possum
possum
certus
possum
certe
possum
facultas
possum
possum
oportet
possum
certe
possum
possum
possum
oportet
possum
possum,certus
possum
possum
forte
debeo
certus
possum
certe,debeo,possum
possum
debeo,possum
possum
certe
possum
aptus
possum
certus
certus
possum
certus
necesse sum
possum
fortasse
possum
licet
licet,debeo
possum
debeo
debeo
possum
licet
fortasse
debeo
potestas,forte,debeo
possum,possum
certe
aequus
opus sum
possum
debeo
possum
possum
aequus
opus sum
forte
certus
forte,certus
possum
certe
certus,incertus
certe
possum
incertus
certus
certus
forsitan
possum
necessarius
certus
certus
oportet
certus
possum,opus sum
possum
certus
licet
usus sum
possum
necessitudo
possum
decet
possum
possum
possum
possum
opus sum
certe
necessarius
aequus
licet
opus sum
potestas,oportet,possum
debeo
oportet
oportet
oportet
possum
possum
possum
possum
possum
necesse sum
possum
dubius
necessitas
possum
possum
possum
possum
possum
possum
certe
possum
possum
certe
possum
possum
necessitudo
necesse sum
possum
debeo
possum
possum
necessarius
certus
debeo
dubius
possum
possum
possum
possum
debeo
possum,fortasse
debeo
possum
fortasse
fortasse,possum
possum
necesse sum
certus
oportet
possum
incertus
necessarius,necesse sum
possum
licet
possum
possum,fortasse
forte
possum
possum,possum
fortasse
debeo
certus,possum
certus
debeo,certe,possum,possum
certe
possum,possum
possum
forte
possum
possum
certus
forte
incertus
certus
aequus
certe
possum
certe
forte
possum
possum
possum
possum
necessitudo
possum,certe
possum
possum
necessarius
possum
possum
possum
possum
oportet
licet
necessarius
debeo
possum
possum
licet
possum
licet
possum
certe
possum
possum
possum
potestas,incertus,possum
possum
fortasse
possum
certe
possum
possum
oportet
possum
forte
aequus
licet
oportet
potestas,certe,possum
debeo
possum,debeo
licet,licet
possum
fortasse,debeo
possum
debeo
opus sum
forte
licet
facultas
possum
possum
oportet
possum,certus
possum
possum
possum
possum
oportet
opus sum
possum
usus sum
possum
licet
possum
aeque,oportet
fortasse
certus,certus
debeo
possum
possum,debeo,valet
possum
licet
possum,forte,possum
aptus
possum
usus sum
opus sum
possum
possum
possum
possum
possum
debeo
necessitudo,possum
possum
necesse sum
possum
necessitudo
debeo
necessitudo,possum
possum
possum
possum,necessitudo
certe,possum
possum
facultas,possum
certe
necessitudo
possum
possum
debeo
possum
necessitudo
oportet
possum
possum
forte
possum
opus sum,facultas
possum
possum
possum
aequus
possum
certe
certe
possum
possum
possum
possum
possum
certe,possum
possum
fortasse
debeo
possum
iniquus
possum
facultas
debeo
necessitudo,debeo
potestas
possum
debeo
possum
possum
possum
debeo
possum
possum
possum
possum
possum
certe
possum,possum,possum
certe
facultas
incertus
possum
certus
fortasse
possum,possum
certus
certe,possum
licet
certe
possum
possum,possum
opus sum
possum
necesse sum
possum
oportet
certe
possum
possum
certe
certus
certe
facultas
licet
possum
necessitudo
possum
aequus
forte,possum
possum
possum
necessarius,possum
necessarius,possum
debeo
debeo
possum
possum
possum
certus
possum
certus
certus
necesse sum,possum
possum
possum
possum
possum
valet
possum
possum
debeo
possum
licet
licet
possum
potestas
potestas
possum
possum
dubius
licet
possum
opus sum,possum
debeo
potestas
certus
possum
necesse sum
necesse sum
certus,possum
necessitudo
certus
certus
debeo
debeo
possum
fortasse
certus
possum
licet
aequum sum
certe,potestas,necessarius
certus
possum
possum,certe
facultas
possum
certus
debeo,possum
possum
licet
decet
possum,fortasse
possum
certus
meum sum
possum
debeo
debeo
debeo
oportet,possum
possum
possum
forte,dubius
certus
debeo
possum
certus
possum
possum
possum
necesse sum
possum
possum
possum
possum
certus
debeo
opus sum
possum
possum,possum
possum
possum
possum
possum
possum
possum
possum
possum
possum
debeo
possum
possum
possum
certus
debeo
valet
certe
possum
possum
possum
forte
necessario
necesse sum
incertus
possum
possum
possum
possum
facultas
oportet
possum
necesse sum
opus sum
possum
debeo
oportet
possum
possum
necessitudo
valet
debeo
possum
possum
possum
debeo
debeo
possum
possum
oportet
licet,possum
certus
opus sum
possum
debeo
possum
iniquus
possum
possum
possum
necessarius
possum
aeque
possum
licet
debeo
possum
possum
debeo,possum
debeo
possum
possum
debeo
licet
licet
possum
possum
possum
necessarius
possum
debeo
possum
certus
oportet
certus
possum
opus sum
possum
certus
certus
possum
certus
potestas
forte
incertus
possum
forte
possum
debeo
possum
debeo
fortasse,certe
possum
possum
necesse sum
possum
possum
possum
fortasse
certe,possum
potestas
necessarius
possum
possum
possum
possum
debeo
possum
possum
possum,potestas
possum,certus
necesse sum
possum
possum
possum
certus
possum
possum
certus
possum
possum,necessarius
possum
possum
possum,necesse sum
debeo
licet
certe
fortasse
certus,possum
aequus
possum
iniquus
possum
incertus
debeo
certe
possum
necessarius
possum
necessitudo
potestas
certus
possum
possum
licet
possum
possum
possum
debeo
debeo
possum
debeo
certus
possum
certe
possum
debeo
possum
licet
debeo
certus
usus sum
possum
debeo
debeo
possum
debeo
opus sum
forte
possum
possum
facultas
oportet
possum
aptus
possum
possum
necessarius
oportet
possum
possum
possum,certe
possum
possum
certus
licet
possum
possum
certe
necessitudo
dubius,necessitudo
certe
debeo
opus sum
facultas,possum,possum
necessitudo,possum
necessitudo,possum,possum
possum
necessarius,necessarius
facultas,possum
possum
possum
potestas,possum
debeo
necessitudo
oportet,potestas
possum
necessarius
necessitudo,necessarius,necessarius
debeo
necessitudo
necessitudo
debeo
debeo
possum
possum
necessario,debeo
possum
possum,possum
debeo
potestas
necessitudo
debeo
debeo
necessitudo,debeo
facultas,possum
debeo,necessitudo
necessitudo
necessarius
possum,necessitudo
valet
certe
necessitudo
debeo
aequus
possum
possum
aptus
possum
possum
possum
valet
opus sum
necessitudo
forte
possum
possum,debeo
certe
aeque,certe,dubius
debeo,possum
possum
necesse sum
licet
possum
necessitudo
potestas
necessitudo
dubius,possum
necessitudo
possum
possum
necessarius
possum
debeo,possum
necessitudo
necessitudo
possum
debeo,necessario
potestas
possum
possum
licet
possum
necessitudo
necessarius,debeo,fortasse
opus sum
debeo
necessarius
necessitudo,possum
possum
possum
possum
possum,possum
possum
necessarius
possum
necessitudo,possum
possum
possum
possum
necessarius,fortasse,certe
necessitudo
necessarius
possum
possum
necessitudo
opus sum
possum
necessarius
debeo
possum
necessitudo
potestas
certus
dubius
opus sum
possum
aeque
possum
necessitudo
necessitudo
possum
necessitudo
debeo
necessitudo,debeo,possum
possum
incertus,fortasse
possum
debeo
dubius
opus sum
necessitudo
possum
debeo
possum
debeo
debeo
necessitudo
possum
possum
oportet
possum
fortasse
aequus
aequus
fortasse
possum
possum
debeo
debeo
necessitudo
possum
possum
debeo
possum
necessarius
usus sum,usus sum,possum
possum
necessitudo
possum
debeo
possum,possum
possum
necessitudo,possum
debeo
necessitudo,debeo
aeque
opus sum
possum
necessarius
possum
necesse sum,necessitudo
debeo
necessarius
necessarius,possum
facultas
possum
necessitudo,potestas
necessitudo
possum
possum,possum,certus
necessitudo
necessitudo
possum
debeo
possum
incertus
necessitudo,possum
possum
possum
possum
necessarius,certus,opus sum
possum
possum
necessarius
possum
possum
possum
certus
queo
possum
opus sum
oportet
queo
debeo
possum,debeo
possum
meum sum
certus
licet
possum
oportet
opus sum
possum
debeo
possum,possum
certe
possum
possum
certe
queo
possum
possum
licet
possum
possum
possum
licet
possum
possum
possum
possum
possum
certus
opus sum
oportet
certus
possum
possum
possum
possum
fortasse
possum,possum
licet
licet,possum
opus sum,possum
debeo,possum
possum
possum,possum
licet
certus
aeque,certus
fortasse
necessarius
opus sum
fortasse,certus,certus
certus
certus
certus,certus
dubie
certus,possum,necesse sum
certus,certus
certe
decet
possum
certe
incertus
possum,certe
possum
facultas
possum,possum,necessario
debeo
debeo
possum
possum
possum
possum,debeo
possum
necesse sum
opus sum
certus
necessitudo,oportet
certus
possum
possum
possum
certus,forte
potestas
fortasse
necessitudo
possum
dubius,possum
possum
necessarius
possum
possum,necessarius
debeo
possum
possum
debeo
debeo,debeo,debeo,debeo
dubius
possum,facultas,possum
debeo,possum
possum
facultas
potestas,necessitudo
possum,possum
possum
possum
possum
possum
possum
opus sum
necessarius,fortasse,debeo
certe
possum,possum
possum
fortasse,possum
possum,possum
oportet,potestas
possum
aequus
possum
possum
certus
debeo
oportet
forte
debeo,oportet
possum,possum
possum
possum
possum
fortasse
necesse sum
possum,possum
possum,certe
possum
valet
licet
possum
possum
possum
opus sum
queo
possum
opus sum
possum
possum
possum
possum
possum
possum
certe
opus sum
possum
possum
possum,certus
necessarius
possum
nequeo
possum
possum
possum,possum
possum
certus
possum
possum
certus
possum
opus sum,possum
possum,oportet
possum
debeo
debeo
possum
possum
oportet
possum
possum
licet
possum
certus
aequus
possum
certe
possum
possum
possum
possum
certus
usus sum
certus
incertus
possum
possum
incertus
possum
oportet
certus
necessarius
dubius,potestas
necessitudo,possum
facultas
possum
possum
possum
potestas
necessitudo
debeo
possum
aequus
iniquus
certus
possum
certus
possum
possum
possum
facultas
possum
debeo
potestas
certus
potestas
potestas
licet
potestas
facultas
certus,possum,potestas,possum
possum
necessarius
potestas,aequus
possum
certus
facultas
facultas
debeo
certus
necessarius,aptus
oportet
debeo
debeo
possum
necessarius,possum
aequus,potestas
potestas
necesse sum
oportet
iniquus
possum
iniquus
iniquus
possum
possum
possum
facultas,possum
certus
possum
necessarius
possum
possum
certus
licet,possum
necessario
aequus
possum
possum
necessario,certus
possum
possum
necessario
certus
possum
possum
possum
certus
necessario
possum
necessarius
possum
necessario,possum
possum
possum
possum,aequus
facultas,certe,possum
possum
facultas
possum
possum
facultas
necessarius
aequus
facultas
possum
possum
licet
facultas,necessario,iniquus
necessarius
necessario
possum
possum
possum
possum
possum
aequus
potestas
certe
possum
possum
possum
aequus
possum
possum
certus
facultas
possum
possum
possum
possum
possum
possum
possum
possum
possum
facultas
possum
possum
possum
possum
possum,aequus
possum
possum,possum,possum,possum
necessitudo
certus,certus
necessarius
licet
certus
potestas
potestas
possum
possum
certe,opus sum,facultas
debeo
licet
dubius
iniquus
possum
oportet
certe
possum
possum,debeo,potestas
possum
incertus,debeo
possum,potestas
possum
potestas
aequus,facultas
possum
possum
certus
aptus
possum
possum
possum
possum
certus
opus sum
possum
possum
possum
possum
aeque
licet
debeo,aptus
usus sum,potestas
debeo
possum
aequus,possum,aequus
possum
certus,possum
possum
possum
possum
potestas
debeo
possum
possum
aequus
possum,debeo
oportet
necessario
possum
necessarius,certus,possum
facultas,certus
potestas
necessarius
aequus
facultas
certus
potestas
possum
licet
possum
possum,possum
opus sum
possum
debeo
possum
debeo
possum
fortasse
debeo
possum
necessarius
possum
necessitas
certus,necessario
possum
possum
forte
licet
licet
forte,facultas
possum
possum
debeo
possum
necessarius
certus
possum
possum
possum
potestas
possum
certus,possum
aequus
possum
certus
possum
possum
possum
possum
aequus
possum
necessario
certus
possum
debeo
fortasse
iniquus
necessario,possum
possum
aequus
possum
possum
necessarius
possum
fortasse
facultas,possum
possum
possum
possum
possum
possum
possum
possum
possum
possum
potestas
debeo
debeo
possum
possum,possum
possum
necessitas
necesse sum
necessario
possum
certus
facultas
possum
oportet,necessarius
possum,debeo
possum
iniquus,possum
potestas
possum
debeo
possum
oportet
possum
licet,possum,necessarius
necessarius
possum,facultas
possum
necessarius,possum
certus
possum,possum
possum
necessarius
necessitudo
possum
aequus
necessario
possum
necessarius
potestas
certus
aptus
potestas
debeo
possum
possum
possum
aequus,necessarius
possum
dubius,possum
possum
oportet
possum
possum
possum
possum
certus
licet
facultas
possum
possum
possum
possum
possum
possum
possum
possum
debeo
necessarius,certus
possum
certus
possum
possum
possum
possum
oportet,potestas,possum,necessario
possum
debeo
possum
possum
necessarius,possum
licet,licet
facultas
possum,possum
certus
possum
possum
certus
oportet
possum
possum
possum
possum
possum
possum
possum
possum
possum
certus,licet
licet
possum
possum
possum
possum,possum
possum
facultas,potestas
opus sum
oportet
possum
licet
possum
ius sum
oportet
possum
possum
possum
possum
facultas,facultas
possum
necessarius,licet
possum
possum
possum
possum
possum,potestas
possum
possum
certus
licet,possum
aequus
necessitudo
possum
possum
iniquus
oportet
oportet,iniquus
possum
possum
oportet
oportet,debeo
possum
possum
potestas
potestas
necessario
certus
possum,facultas
possum
certus
potestas
possum
possum
possum
possum
possum
possum
potestas
possum
possum
possum
possum,possum,possum
opus sum,possum
possum
possum
certus
possum
certus
necessitas
possum
potestas
possum,possum
possum
possum
oportet
oportet,possum
necessarius
possum
necessitas,certus,opus sum,possum
iniquus
possum
possum,possum,possum
possum
debeo,iniquus
possum
possum
possum
possum,potestas
forte
possum
iniquus,debeo
certus,potestas
opus sum
certus
possum
possum
possum,facultas
certus
facultas
possum
certus
possum
possum
possum,facultas
possum
licet
possum
forte,facultas
possum
possum
aptus
possum
possum
possum
possum
necessario
possum
possum
potestas
aequus
oportet
certus
possum
possum
oportet
possum,possum
possum
possum
necessario,possum
licet
usus sum
possum
possum
possum,certus
certus
certus
necesse sum,incertus
possum
possum
possum
possum
possum
possum
licet
possum
potestas
possum
possum
possum
possum
potestas
possum
aequus,potestas
possum
possum
possum
possum
facultas,possum
facultas
possum
possum
possum
certe
possum
possum,possum
possum
necessario
facultas
necesse sum
possum,oportet
possum
incertus
facultas
possum
possum
possum
potestas
possum
certus
possum
valet
possum
possum
potestas
possum
possum
possum
possum
possum
possum
certus
certus
possum,aptus
facultas
possum
possum
possum
possum
necessario
possum
certus
possum
debeo
possum
possum,possum
possum
possum
possum
certus
certe
licet
possum
iniquus
possum
possum
necesse sum
possum
necesse sum
possum
licet
possum
possum
incertus,certus
possum
facultas
opus sum
potestas
licet
possum
facultas
possum
possum
certus
possum
possum
facultas
certus
iniquus
aequus
aequus,possum,possum
possum
forte,possum,possum
iniquus,licet
potestas
possum
certe
certus
possum
certus
possum
possum
possum
facultas,possum
possum
possum
possum
possum
possum
facultas
dubius
iniquus
facultas
iniquus
possum
certus
iniquus,possum
certus
necessitas
possum
possum
certus
potestas
possum
licet
possum
potestas
certus
potestas
possum
possum
possum
possum
possum
dubius
certe
possum
debeo
possum,possum
certus
possum
incertus
possum
possum,possum
licet
possum
possum
licet,possum
potestas
facultas
possum
possum
possum,iniquus
debeo,possum
certus
possum
possum
possum
possum
potestas,certus
possum
certus
possum
possum
possum
possum
possum
possum
potestas
possum
necessario
possum
oportet,possum
possum
oportet
certus
necessario,possum,incertus
facultas
aequus
possum,necesse sum
debeo
possum
debeo
possum
possum
possum
possum
possum
possum
aptus
possum
possum,possum
aequus
possum
aequum sum
possum
certus
possum,necessario
potestas
licet
oportet,potestas
possum
possum
possum,possum,possum
certus
possum
necesse sum
possum
necessario
possum
potestas
possum
facultas
possum
aequus
certus,possum
possum
possum
aequus
iniquus
possum,certe
facultas
facultas
possum
possum
possum
aequus
opus sum
possum
possum
possum
possum
necessario
necessitas,possum
possum
possum
aequus
possum
possum
possum
necessarius
debeo
oportet
possum
possum
possum
opus sum
necessario,possum
possum
possum
possum,aequus,possum
possum,certus,possum
possum
possum
possum
possum
possum
possum
dubius
facultas
possum
possum
necessario,iniquus
valet
possum
necessarius
possum,certus
possum
necessitas
possum
possum
facultas
facultas
possum
possum
possum
possum
possum
possum
necessitas
possum
possum
possum
certus
possum
forte,possum,possum
certus
possum
possum,possum
possum,usus sum
possum
possum
possum
possum
forte,possum
possum
possum
forte,iniquus
facultas
possum
possum
possum
possum
possum
possum
possum
possum,potestas
certe
possum
certus
possum
certus,possum,facultas
possum
possum
possum
possum
possum
facultas
certus
possum
possum
possum
possum
possum
possum
licet
possum,possum
possum
iniquus
possum
necessitas
potestas,debeo
potestas
facultas
necessitas
possum
possum
certus,possum
necessitas,possum
dubius
debeo
dubius
decet
opus sum
possum
licet
aequus
possum
incertus
possum
possum
dubius
aeque
licet
certus
possum
necessitudo
necessitudo
incertus,certus
possum
incertus,certus
possum
valet
opus sum
possum,necessarius
nequeo
forte
necessitudo
possum
possum
necesse sum
possum
possum
potestas
ius sum
opus sum
possum
licet
licet
possum
licet
potestas,possum
dubius
aequus,possum
possum,possum
incertus
incertus,certus
opus sum
possum
opus sum
opus sum
potestas
debeo
nequeo
dubius,decet
valet
valet
possum
aequus
decet
certus
possum
possum
possum
dubius
possum
certus
possum
forte
possum
possum
necessitudo
licet,possum
opus sum
necessitudo
queo
possum
forte
possum,possum
ius sum
possum
forte
certe
possum
possum
certus
queo
decet
possum
oportet
forte
possum
possum
possum
possum,debeo,debeo
dubius
possum
necesse sum
decet
necessarius,decet
licet
possum
licet
licet
decet
incertus,potestas
licet
possum
possum
necessitudo
certus
necessario
possum
necessarius,possum
incertus
possum
possum
potestas
decet
decet
certe
opus sum
necesse sum
aequus
possum
forte
aequus
possum
aequus
possum
incertus
possum
possum
possum
possum
queo
certus
incertus
necessitudo
possum
forte
incertus
incertus
incertus
dubius
licet
possum,iniquus
opus sum
opus sum
possum
forte
potestas
debeo
possum
possum
necessarius
incertus
possum
possum
decet,aequus
possum
forte
opus sum
necessarius
possum
possum
possum
possum
possum
possum
certus
aequus
necessitudo
certus
debeo,incertus,certus
potestas
licet
opus sum
debeo
necesse sum
aequus
potestas
possum
licet
iniquus
certe
possum
necesse sum
possum
opus sum
debeo
licet
possum
oportet
possum
dubius,decet
possum
possum
possum
potestas
possum
forte
usus sum
forte
dubius,possum
forte
possum
incertus
debeo
dubius
possum
possum
incertus
aeque
possum
dubie
necessitudo
licet
licet
necessarius
certus
potestas
incertus
certus,incertus,forsitan
decet
dubius
debeo
licet
debeo
possum
potestas
potestas
certus
certus
certus
potestas,possum
facultas
certus
incertus
possum
possum
possum
possum
possum
possum,possum
possum
possum
necessitas
incertus
possum
possum
necessitas
forsitan
certus
possum
incertus
forte
forte
possum
opus sum
possum
potestas
licet
facultas
possum
possum
possum
possum
certus
certus
potestas,debeo,certus
dubius,potestas
licet
potestas
facultas
certus
possum
facultas
facultas
possum
possum
possum
possum
potestas
possum
certus
necessario,possum
possum
necessitas
possum
facultas
potestas
oportet
dubius
possum
certus
forsitan
possum
possum
possum
certus
possum,forte
facultas
certus
certus
possum
possum
necesse sum
possum
possum
possum
aequus
possum
certus,possum
possum
possum
potestas
possum
facultas
possum
possum,aequus,possum,possum
necessitas
possum
possum
possum
possum
possum
possum
possum
possum
usus sum
possum
possum
forte
possum
forte
certus
possum
necessarius
fortasse
possum
debeo,possum
possum
debeo
oportet
possum
possum
licet
licet,licet
potestas
possum,possum
necessarius
possum,debeo
possum
licet,licet
possum
necessarius
possum,potestas
possum
forte,iniquus
debeo
possum
possum
possum
licet
debeo
possum
oportet
aequus
necesse sum
possum
licet
possum
possum
possum,aequus
licet
possum
licet
possum,possum
possum
possum
licet
potestas
possum
necesse sum
possum
possum
possum
necessarius,iniquus
licet
possum,possum
debeo
possum
possum
debeo,possum
possum
possum
debeo
necessarius
possum
possum
possum
licet
possum
possum
debeo
usus sum
possum
possum
meum sum
decet
possum
possum
possum
oportet
possum
possum
possum
possum
debeo
debeo
possum
fortasse
forte
possum
iniquus
certe
possum
necessarius
certe
facultas
certus
certus
certus
potestas
possum
possum
facultas,potestas
possum
possum
debeo
possum
possum
possum
necessario
potestas
possum
certe
possum
possum
licet
oportet
possum
necessario
possum
possum
oportet
possum
possum
necesse sum
possum
possum
possum
possum
possum
possum
possum
necesse sum
fortasse
debeo
aequus
possum
possum
possum
possum
possum
iniquus,possum,aequus
aequus
possum
possum
possum
possum
possum,possum
possum
licet,debeo
decet
possum
necesse sum
forte
possum
debeo
possum
certe
possum
necesse sum
possum
possum
possum
possum
possum
debeo,debeo
possum
aeque
aequus
aequus,iniquus
aequus
debeo
possum
possum
debeo
possum
possum
possum
possum
debeo
possum
certe
possum
fortasse
possum
debeo
possum
forte
possum
possum
possum
oportet
possum
debeo
certe
licet
possum
possum,possum
possum
possum
possum
possum
certus
possum,debeo,possum
possum
possum
possum,possum
licet,possum
possum
certe,possum
potestas
possum
debeo
certe
possum
possum
possum,potestas
possum
possum
certe
certus
possum
possum
necesse sum
possum
possum
possum
fortasse
aptus
debeo
possum
fortasse,necessarius
possum
possum
possum
forsitan
necessitas
possum
possum
possum
facultas
licet
licet
licet,necesse sum
possum
potestas
possum
possum
potestas
possum
possum
possum
certe
debeo
possum
necesse sum
possum
possum
debeo
possum
possum,possum
possum
possum
possum
possum
possum
possum
oportet
potestas
necessarius
possum
fortasse,possum
possum
facultas,licet
possum
possum
potestas
possum
fortasse
possum
possum
possum
possum
debeo
fortasse
possum
possum
certus
possum
possum
possum
possum
certe
possum
aequus,possum
licet
possum
decet,possum
fortasse
dubius,possum
oportet
certe
fortasse
possum
potestas
debeo
possum
possum
necessitas
usus sum,possum
possum
certe,debeo
possum,possum
possum
possum
possum
possum
necessitas,valet
potestas
potestas,licet
oportet
possum
possum
possum
possum
debeo
debeo
possum
debeo
licet
possum
necessitas
opus sum
decet
possum
potestas
potestas
possum
potestas
debeo
possum
possum
oportet
potestas
possum
oportet
possum
possum
possum
possum
debeo
possum
aequus
certe,potestas
certe
debeo
possum,possum
possum
oportet
possum
fortasse,necessarius
possum
oportet
possum
possum
possum
possum
necessario
necessarius
certe
possum
debeo
aequus
possum
possum
possum
possum
fortasse
possum
possum
possum
possum
possum
possum
facultas
debeo,possum
possum
debeo
oportet
potestas,potestas
potestas
possum
possum,possum
possum
possum,possum
necesse sum
possum
necesse sum
possum,certus
possum
oportet
possum
possum
possum
possum
possum
possum
possum
possum,necessarius
forte
possum,possum
possum
debeo
aequus
possum
fortasse
possum
possum
possum
aequus
potestas
debeo
fortasse
possum
possum
possum
debeo
possum
debeo
potestas
oportet
debeo
aequus
oportet
possum
incertus
possum
possum
possum
potestas
possum
debeo
debeo
possum,possum
necesse sum
possum
possum
debeo,possum
possum
debeo
debeo
debeo,usus sum
necessitas
debeo
certe
debeo
debeo,possum
possum
usus sum
possum
certus,certus,certus
fortasse
certe
possum
possum
aequus
possum
certus
possum
possum
debeo
debeo
necessarius
necessarius
possum
incertus
possum
possum,possum
debeo
possum
possum
debeo
debeo
potestas
opus sum,possum
possum
opus sum
possum
queo
licet
possum,potestas
necessarius
possum
possum
possum
possum
fortasse
certe
possum
forte
debeo
possum
possum
debeo
possum
forte
debeo
possum,possum
possum
possum
possum
necessitas
possum
potestas
necessario
possum
possum
possum
debeo
possum
possum
necessitas
certe
certe
possum
opus sum
certe
necesse sum
debeo
potestas
possum
necessarius
possum
debeo
certe,debeo
debeo
debeo
possum
aequus
decet
possum
opus sum
potestas
possum
fortasse
possum
possum
debeo
certe
aequus
possum
possum
possum
possum
possum
possum
possum
possum
possum
possum
potestas
iniquus
possum
certe,debeo
possum
possum,possum
possum,aequus
debeo
forte
possum
certe
certe
possum
licet
possum
possum
debeo
oportet
possum
possum,possum
necessitas
possum
possum
possum,possum
licet
certus
necessitas
licet
possum
possum
possum
forte
possum
possum
licet
incertus
debeo,possum
possum
possum
possum
possum
possum
possum,possum
possum
licet
necessitudo
aequus
fortasse
possum
possum
possum
possum,licet
decet
licet
licet
licet
possum,licet
forte
licet,possum
debeo
possum,possum
possum
possum
possum
possum
possum
possum
possum
possum
possum,possum
debeo
possum
possum
debeo
certe
possum
possum
possum
possum
possum
possum
possum,certe
certe
meum sum,possum
possum
necessarius
debeo
possum
possum
possum
aequus
possum
possum
possum
aequus,aptus
aequus
debeo
possum
licet
forte
licet
possum
possum
possum
possum
licet,possum
necessitas
debeo
possum
forte
possum
debeo
debeo
debeo
possum
possum
possum
debeo
possum,forsitan,possum
licet,licet,necesse sum
possum
possum
possum
necesse sum
possum
certe
aequum sum
licet
oportet
certe
debeo
possum
possum
possum,possum
oportet
possum
possum,possum
possum
necesse sum,certus
necesse sum
fortasse
possum
necesse sum
necessarius
possum
possum
debeo
possum,debeo,possum
possum
possum
debeo,possum
possum
possum
possum
necesse sum
debeo
possum
possum
possum
fortasse
possum
iniquus
possum
necessitas
licet
possum
possum
incertus
possum
possum
possum
fortasse,possum
possum
aequus
oportet
possum
possum
possum
oportet
oportet
incertus
possum
possum
debeo
possum,debeo
possum
necesse sum,possum
possum
debeo
possum
usus sum
possum
licet
licet
possum,potestas
potestas
certus
licet
iniquus
possum
debeo
possum
debeo,possum
potestas
oportet
possum
possum
usus sum
possum
debeo
usus sum
usus sum
debeo,debeo
fortasse
possum
possum,aeque
possum
possum
certe
possum
debeo,possum
possum
debeo
possum
debeo
necesse sum
possum,possum
licet
dubius
necesse sum
licet
possum
possum
opus sum
possum
possum
possum
possum
possum
certe
debeo
possum
certus
fortasse
possum
possum
possum
possum
possum
possum
possum
debeo
licet
possum
possum
licet
possum
opus sum
possum
debeo
debeo
aeque
fortasse
possum
certe
possum
possum
possum,possum
possum
possum
debeo
aeque
possum
possum
possum
possum
possum
possum
possum
debeo
debeo
possum
debeo
usus sum
licet
oportet
licet,oportet,possum
licet
licet
licet
oportet
oportet
oportet,possum
oportet,possum
possum
possum,licet
possum
debeo
possum
possum
possum
licet,licet,licet
possum
licet
possum
possum
debeo
possum
possum
certe
possum
potestas
possum,debeo
debeo
debeo
debeo,aeque
debeo
debeo
possum
possum
licet
possum
possum
debeo
possum
necesse sum
debeo
possum,possum
debeo
possum
possum
possum
possum
possum
possum
possum,possum
possum
debeo
certe
possum
possum
possum
possum
possum
possum
possum,possum
oportet
aequum sum
possum
possum
possum
possum
aptus
possum
possum
ius sum
necessitas
possum,debeo
usus sum
usus sum
possum
possum
certe
possum
possum
possum
licet
possum
certe
possum
licet
fortasse
possum
certus
debeo
debeo
necesse sum
possum
certe
possum
possum
possum
opus sum
possum
licet
licet
possum
possum
possum
possum
licet
usus sum,debeo
debeo
possum
debeo
usus sum
aptus
usus sum
usus sum
usus sum
opus sum
usus sum
dubius
possum
possum
potestas
oportet
possum
certe,licet
licet
necesse sum
licet
necessitas
possum
debeo
debeo
possum
debeo
possum
possum
debeo
debeo
possum
debeo
possum
usus sum
possum
possum,possum
necessarius
necesse sum
possum
usus sum
possum
possum
possum
possum
facultas
possum
aptus
possum
possum
possum
certe
aeque
possum
possum
possum
debeo
possum
certus
decet
possum
possum
possum
certe
decet
possum
potestas
possum
licet
dubius
licet
possum
possum,possum,usus sum
possum
usus sum
possum
possum,possum
debeo
debeo
possum
usus sum
licet
usus sum
aptus
possum
possum
possum
possum
usus sum
usus sum
possum
certus
opus sum
possum
possum
debeo
opus sum
certus
usus sum
usus sum
possum
possum
possum
possum
possum
fortasse
licet
fortasse
licet
opus sum,licet
debeo
possum
possum
aequus,debeo
possum
possum,possum
possum,debeo
possum
possum
dubius
debeo
usus sum
possum
usus sum
decet
possum
aeque
certe,certus
necesse sum
possum
fortasse
possum
usus sum
possum,licet
aequus
possum
possum
fortasse,possum,licet
licet
dubius
possum
possum
possum,opus sum
possum
potestas
certe
debeo
debeo
necesse sum
possum
certe
possum
incertus
certe
possum
licet
possum
possum
possum,possum
possum,possum,potestas
licet,necesse sum
possum,debeo
possum,incertus
possum
possum
debeo
debeo,debeo
debeo
debeo
possum
iniquus
usus sum
possum
possum
possum
possum
possum
possum,possum
usus sum
possum
possum
possum
possum
possum,debeo
possum
iniquus
possum
licet
possum,possum
usus sum
usus sum
usus sum
possum
usus sum
licet
debeo
possum
possum,possum
incertus
possum
possum,debeo
licet
certe
debeo
aequus
possum
possum,certe
aeque
licet,possum
possum
possum,possum
possum
licet
possum
possum
possum
possum
possum
certe
possum
certus
possum
licet
possum
debeo
debeo
possum
possum
possum
possum
possum,possum
possum
possum
possum
debeo
certus,debeo
certus
debeo
debeo
debeo
debeo
possum
debeo
possum
possum
possum
debeo,possum
licet,oportet
possum
possum
oportet,licet,oportet,licet
possum,possum
oportet
debeo
possum
debeo
possum
possum
possum
licet
possum
certe
possum
possum,possum
possum,possum
possum,usus sum
debeo
opus sum
possum
possum
decet
usus sum
necessarius
aeque
debeo
oportet
possum
meum sum
possum
possum
possum
forte,possum
possum,possum
possum
necessarius
possum
possum,possum
certe
fortasse
possum,possum
debeo,possum
facultas
possum
licet
possum
opus sum
usus sum
possum
possum
possum
possum
possum
possum
possum
possum,possum
possum
possum
possum,possum
licet
opus sum
facultas
licet
necessarius
possum
possum
licet
possum
possum
certe
possum
possum
possum
possum
certe,possum
debeo,necesse sum,potestas
possum,possum
possum
possum,possum
possum
possum,dubius
possum
licet
licet
possum
licet,debeo
debeo,possum
fortasse
possum
possum
possum
possum
possum
debeo
possum,possum
possum
possum
debeo
licet,debeo,possum
possum
debeo
potestas
usus sum
possum
possum
usus sum
usus sum
usus sum
usus sum
usus sum
licet,oportet
opus sum
possum
usus sum
usus sum
debeo
usus sum
usus sum
possum
debeo
fortasse
debeo
possum
licet
possum
possum
possum
debeo
possum
licet
debeo
possum
possum
possum
possum
certe
possum
possum
possum
possum
possum,possum,possum
necessitas
possum
licet
oportet
possum
possum
possum,possum
possum
possum,debeo
debeo,necessitas
possum
certe
necessitas
necesse sum
usus sum
possum,possum
licet
usus sum
possum
usus sum
oportet
possum
possum
possum
certe
forte
iniquus
possum
debeo
possum
dubius
debeo
aeque
possum
licet
usus sum
debeo
possum
possum
certus
possum
debeo
licet
certe
debeo
potestas
debeo
possum
potestas
potestas
possum
possum
oportet
debeo
possum
debeo
possum
possum,possum
debeo
possum,possum
possum,possum
incertus
possum,possum
potestas
debeo
necessarius
possum
potestas
possum,possum
debeo
possum
debeo
possum
usus sum
possum
certus
certus
aequus
ineptus
possum
possum
licet
licet
possum
possum
possum
debeo
fortasse
possum
possum
dubius
debeo
licet
fortasse
debeo,possum
debeo
debeo
possum
usus sum
possum
possum
fortasse
fortasse
forte
opus sum
certe,debeo
usus sum,possum
possum
usus sum
possum
usus sum
certus
possum
debeo
possum
possum
possum
possum
possum
possum
possum
possum
certus
possum
debeo
possum
necesse sum
fortasse
usus sum
debeo
usus sum
possum
possum
usus sum
possum
iniquus
possum
possum
possum,possum
usus sum
oportet,licet
possum,possum
possum,possum
possum
licet
possum
possum
licet
potestas
possum
possum
debeo
possum
possum
potestas
possum
possum,debeo
possum
licet
debeo
debeo
debeo
possum
debeo
debeo,possum
certus,debeo,potestas
possum
possum
usus sum
necessarius
possum
certus
possum
possum
possum
possum
possum
possum
certe
debeo
possum,possum
possum
licet
fortasse,possum
possum
licet
possum
debeo,possum
possum
possum
debeo
potestas
dubius,dubius
possum
aeque,aeque
possum
iniquus
possum
fortasse
possum
possum
possum
possum
possum
possum
debeo,debeo
possum,possum
possum
possum
licet,possum
oportet,licet
licet
licet
licet
licet,licet
debeo
possum,possum
possum
debeo
iniquus
usus sum
debeo
oportet
debeo
certe
fortasse
possum
possum
debeo
possum
possum
debeo
licet
possum,potestas
aequus
debeo
possum
possum
necesse sum
possum
licet
necessitas
necessitas
possum
possum
possum
possum
possum
necessitas,necessitas,necessitas
oportet
iniquus
necesse sum
iniquus
certus
possum
certus
debeo
aeque,aeque
possum,possum,possum
possum
possum
necesse sum
debeo,necesse sum
possum
licet
possum
possum
possum
possum,possum
debeo
opus sum
opus sum
opus sum
possum
debeo,debeo
licet
possum
certe
debeo
usus sum
possum
possum
possum
debeo
debeo
possum
possum
possum
possum
possum,debeo,possum
usus sum
dubius
debeo
necesse sum
possum
possum
possum
licet
possum
licet
possum
usus sum
possum
possum
possum,possum
possum,usus sum
usus sum
possum
usus sum
possum
usus sum
possum,possum
usus sum
possum
debeo
debeo
possum
possum,debeo
possum
possum
possum
possum
possum,possum
possum
possum
possum
possum
possum
dubius
possum,possum
oportet
opus sum
opus sum
possum
debeo
fortasse
usus sum
debeo
possum
incertus
possum,possum
possum
debeo
debeo,possum
possum
opus sum
usus sum
possum,possum
possum,possum
possum
possum
fortasse,fortasse,fortasse
fortasse
iniquus
possum
possum
debeo,oportet
possum
certus
oportet
licet
debeo
licet
possum
possum
possum
potestas
possum
possum
possum
possum
debeo
certus
possum
possum
licet
possum
licet,fortasse
possum
possum
possum
possum
licet,licet
possum
possum
necessarius
necessarius
necessarius,licet
possum
possum
licet,licet
licet
licet,licet
licet
possum
debeo,debeo
possum
possum
possum
possum
possum
possum
dubius
possum
meum sum
possum
possum,possum
licet
possum
possum
licet
licet,oportet
licet,licet
licet
possum,possum
possum
possum
possum
possum,debeo
debeo
debeo
debeo
possum,debeo
possum
possum
possum,possum
usus sum
certe
usus sum
licet
licet
usus sum
licet
possum
debeo
fortasse
certus
possum
possum
possum
certe
possum
licet
necesse sum
usus sum
possum
debeo
debeo
possum
possum,possum
licet
debeo
debeo
possum
oportet
debeo
licet
debeo
possum
possum
possum
certe
possum
licet
possum
fortasse
possum
fortasse
possum
debeo
possum
debeo
possum
fortasse
possum
oportet
possum,possum
possum
licet
possum
possum
licet
licet
licet
possum,possum
possum
possum,possum
possum
certe
possum,possum
possum
possum
possum,possum
possum
usus sum
possum
possum
usus sum
possum
possum
usus sum
possum
possum
fortasse
possum
possum
aeque
possum,facultas
possum
possum
fortasse
possum
certe
fortasse
fortasse
fortasse
dubius
debeo
licet
licet
possum,possum
possum
possum,licet
licet
oportet
licet
licet
possum
possum
necessarius
licet
usus sum
possum
possum
possum
licet
licet
licet
opus sum
possum
possum
possum
aeque
possum
possum
possum
possum
oportet
possum,possum
debeo
certus
oportet
possum
certus
possum
possum
dubius
debeo
possum
dubius,possum
possum
licet
oportet
oportet
possum
possum
possum
possum
possum
oportet
possum
possum
debeo
debeo,possum
possum
possum
possum
possum
possum
debeo
oportet
possum,necesse sum
opus sum
possum
possum
possum,possum
possum
certus
debeo
oportet
debeo
oportet
possum
oportet
possum
debeo
possum
possum
oportet
licet
potestas
ius sum
certus,possum,possum
licet
necessitas
necessitudo
possum
possum
licet
necesse sum
possum
oportet
possum
usus sum
oportet
oportet
possum
debeo
oportet,possum
possum
necesse sum
oportet
possum
oportet
oportet
debeo
debeo
possum
debeo,possum
possum
possum
possum,possum
oportet
possum
possum
debeo
oportet
possum
possum
possum,aeque,possum
oportet,possum
facultas
possum
possum
debeo
possum
possum
certus
oportet
possum
possum
possum
oportet
possum,possum
oportet
certus,possum
possum
oportet,possum
oportet
oportet
oportet
possum
possum
iniquus
possum
possum
possum
certus
necesse sum
possum,necessario
possum,aequus,possum
possum
valet
possum
possum,aequus,possum
possum
possum
aequus
possum
aequus
ius sum
ius sum
ius sum,possum
possum
aequus
ius sum
oportet
oportet,oportet,potestas
potestas
aeque
oportet
oportet
possum
necessitudo
necessitudo,necessitudo
possum
necessitudo,possum
possum,necessario
necessitudo
possum,possum
debeo
oportet,necessitudo
possum
oportet
necessario
potestas
possum,possum
possum
possum
necessitudo
possum
possum,possum
possum
certus
dubius
necesse sum
possum
possum
possum
necessario
possum
possum
necesse sum
possum
necesse sum
possum
necesse sum
necessario
necessarius
incertus
nequeo
possum
possum
certus
certus
possum
certus
potestas
certus
possum
possum
possum
possum
certus
necesse sum
possum
possum
fortasse
possum
oportet
certus
possum
possum
possum
potestas
necessarius
oportet
possum
possum
licet
possum
possum,oportet
possum
possum
oportet
oportet
oportet
oportet
oportet
oportet
oportet
certus
possum
possum
licet
oportet
possum
possum
oportet
possum
possum
possum
potestas
necessitudo
debeo
possum
oportet
possum
possum
incertus
necessario
oportet
debeo
oportet
potestas
potestas
necesse sum,necessarius
oportet
possum,oportet,possum
certus
oportet
possum
necesse sum,licet
aequus,possum
necesse sum
necessarius,oportet
possum,oportet
possum
possum
possum
possum
possum
necessarius
possum
oportet
debeo
possum,possum
possum
oportet
opus sum
oportet
oportet,oportet,possum
oportet
oportet
possum
debeo
oportet
oportet
possum,possum,possum,oportet
oportet
possum
queo
certus,oportet
oportet
possum,possum
possum
oportet,possum
possum
oportet,possum
debeo
forte,possum
possum
oportet
possum
oportet
valet,oportet
licet
possum
licet
oportet,debeo
debeo
possum
possum
oportet
valet
possum,possum
oportet
possum
oportet,possum
oportet
possum,oportet
possum
forte,facultas
oportet
possum,facultas,possum
valet
possum
possum
possum
necesse sum
opus sum,necessario
necessitudo
oportet,oportet
possum
oportet,debeo
necesse sum
possum
possum,facultas
possum
possum
possum
possum
possum
necesse sum
possum
possum
possum,debeo
oportet
possum
possum
possum
possum
possum
possum,certus,possum
possum
facultas,debeo
oportet
possum
oportet,oportet
possum
possum,facultas
possum
necesse sum,possum
possum
possum
possum
possum
debeo
debeo
possum,possum
possum
oportet,possum
possum,facultas
possum
necesse sum
debeo
debeo
possum
possum
possum
possum
necessario,possum,possum
possum
possum
possum
forte
possum
possum
possum
possum
possum
possum
possum
possum
possum
oportet
debeo,debeo
debeo
possum
possum
possum
oportet
possum
oportet
possum
possum
opus sum
possum
facultas
oportet,possum
necesse sum
necesse sum,necesse sum,possum
necessarius
possum
facultas
possum
oportet
aeque,possum
potestas
possum
oportet
possum
necesse sum,certus
possum
potestas
possum,debeo,opus sum,dubius,dubius,possum,possum
oportet
possum
possum
possum
possum
necessarius,facultas
facultas,possum
possum
oportet
possum
oportet
possum
possum
possum
oportet,oportet
possum
necessarius
licet
possum
possum
oportet
possum
licet
licet,possum
possum
possum
potestas
potestas,oportet,possum
possum,possum
certus
certus
oportet
possum,possum
possum
debeo
possum
potestas
licet
oportet
possum
possum
possum
possum
possum
possum
possum,facultas
forte
necessario
possum
potestas
possum
possum,certus
possum
necessario
possum
possum
oportet,possum
certus
possum
oportet
possum
certus
necesse sum
oportet
debeo
debeo
possum
licet
potestas
possum
possum,possum
necessitudo
possum
possum
possum
possum
possum
aequus
aeque,possum,opus sum
necesse sum
certus
possum
necesse sum
possum
necessarius
possum
possum
debeo
possum
possum
certus
possum
opus sum,oportet
possum
possum
necesse sum
possum
debeo
possum
necessarius
possum
possum
decet
facultas
potestas
possum
oportet
probabiliter,possum
possum
possum,probabiliter,possum,possum
necesse sum,possum
oportet,possum
oportet
possum,possum
necesse sum,oportet
certus
possum
possum
certus
possum
oportet
possum
licet
possum
oportet
certus
possum
licet
possum
potestas
necessarius
possum
possum
possum
debeo
oportet
possum
aptus
potestas
possum
opus sum
possum
possum
debeo
oportet
possum
oportet,possum
certus
oportet,debeo
oportet
aequus
possum
necesse sum
possum
possum
oportet,possum
certus
debeo
possum
oportet
possum
oportet,necessarius
oportet,possum
possum
possum
fortasse,possum
possum
oportet,possum
debeo,possum
possum,potestas
possum
possum,debeo
oportet
necessarius,opus sum
possum
possum
debeo,necessitas
potestas,dubius
aptus
decet
aptus
certus,opus sum,certus
possum
oportet
possum
aptus
debeo
aptus
licet
possum
possum
certus
possum
oportet
licet
licet
possum
licet
queo
possum
possum
possum
possum
possum
possum
possum
possum
certus
licet
licet
forte
certus
debeo
debeo
certus,certus
possum
certus,possum
certus
certus
debeo
aptus
possum
possum
possum,possum
debeo
possum
possum
possum
possum
possum
potestas
incertus,certus
oportet
oportet
oportet
aptus
possum
oportet,aptus
oportet
possum
possum
possum
possum
potestas
possum,possum
possum
possum
possum
possum
possum
certus
potestas
licet
possum
potestas
possum
possum
licet
necessitas
possum
incertus
incertus
potestas
potestas,possum
licet
possum
aequus
possum
possum
possum
possum
licet
licet
possum,potestas
possum,opus sum
possum
licet,oportet
oportet
possum
opus sum
possum
necessitas,opus sum
possum
possum
possum
possum,possum
possum
possum
necessitas
potestas
oportet
licet
dubius,possum
possum
potestas
possum
potestas
possum
possum
possum
possum
possum
facultas,certe,possum
potestas
potestas
potestas,possum
possum,necessarius
possum,possum
oportet
incertus,possum
possum
possum
oportet
oportet,oportet
necessarius
oportet
debeo
possum
debeo
necessarius
possum
aequus
oportet
possum
possum,aeque
possum
possum
possum
oportet
queo
oportet
debeo
oportet
incertus
oportet
possum
possum
oportet
potestas
possum
necessitas
possum
necessario
possum
possum
debeo
possum
possum,possum,certus
certus,possum
oportet
necesse sum,aeque
possum
aeque
opus sum
oportet
necesse sum
debeo
aequus
aeque,aeque
oportet
debeo,potestas,necesse sum
debeo
possum
aeque
oportet
aeque
debeo
oportet,possum
oportet
possum
aptus
possum,necessitas
incertus
possum
possum
oportet
possum
oportet
oportet
debeo
oportet
oportet,possum
oportet
possum
possum
potestas
necessitas
debeo
certus
oportet
possum
possum
possum
necesse sum
possum
certus
possum
possum
possum
possum
forte
necesse sum
licet
possum
possum
possum
debeo
debeo
possum,oportet,necesse sum
necesse sum
necessitas
debeo
incertus
incertus
oportet
oportet
debeo
possum
licet
dubius,oportet
necessarius
necessarius
possum
possum
possum
possum
possum
oportet,possum
oportet
possum
possum
debeo
possum
necessarius
possum
possum
opus sum,possum
possum
debeo
necessarius,possum
opus sum
oportet,possum
iniquus,possum
necessarius,possum
necessarius
oportet
possum
necessitas
forte
oportet
possum
oportet
debeo
oportet
debeo
certus
licet
aeque
possum
licet
possum,oportet
debeo
dubius
oportet,dubius,necessitas,debeo
debeo
possum
possum
debeo
debeo
possum
possum
necessitas
aptus,debeo
opus sum
debeo
debeo
potestas
possum,possum
necessarius
possum
debeo
possum
oportet
opus sum
oportet
debeo
possum
debeo
debeo
opus sum
possum
possum
oportet
possum
oportet,oportet,possum
possum
possum
possum
possum
debeo
possum
possum
debeo
possum
oportet
possum
oportet,potestas
potestas
potestas
possum,possum
possum
possum
oportet
certus
debeo,possum
possum
facultas
oportet,certus,certus,certus
possum
possum
necessario
necessitas
possum
possum
possum
oportet
necessitas
oportet
opus sum
possum
oportet
possum
debeo
debeo
possum
possum
forte,potestas
possum
incertus
necesse sum,necessario
oportet
possum
possum
possum
debeo,aptus
certus,certus
possum
certus
certus
possum
possum
possum
possum
debeo,debeo,certus
possum
possum
usus sum
possum
possum
opus sum
certus
forte
possum
possum
possum
possum
possum
necessitas,certus
potestas
necessitas
certus
potestas
possum
oportet,potestas,possum
debeo
necessitas
potestas
possum
possum
potestas
necessarius,possum
forte
necessitas
potestas
potestas,oportet
necessarius
oportet,certus
possum
certus
certus
certus
possum
possum
possum
possum
licet
possum
possum
possum
possum
possum
potestas
possum
necessario
possum
potestas
possum
possum
possum
possum
possum
necesse sum
potestas
possum
necessitas,possum,possum
oportet
aeque,aeque
possum,certus
possum
necesse sum
necesse sum
possum
possum,necesse sum
possum,possum
possum
possum
dubius
possum
possum
necesse sum
possum
necesse sum
possum
aequus,possum
oportet
necessario,oportet
oportet,opus sum
opus sum
possum
aequus
possum
aeque
potestas
aequus
certus
possum
possum
potestas
necessitas
necessitas
necessitas
aeque
necessitas
possum,possum
oportet
necesse sum,aeque
certus
possum
possum
aequus
aeque
possum
possum
possum
aequus
aequus
possum
iniquus
opus sum
possum
necessitas
opus sum
possum,debeo
potestas
necessarius,possum
necessitas
possum
necessitas
possum
possum
possum
possum
possum
possum
possum
necesse sum
necessarius
possum
possum
possum
licet
aptus
possum
certus,aequus
opus sum,possum
opus sum
oportet
possum
necessarius
necessitas,possum
possum
possum
possum
certus
possum
possum
debeo
necessitas,possum
debeo,debeo
debeo
debeo
certus
debeo
opus sum
possum
possum
possum
possum
oportet
oportet
possum
possum
opus sum,possum
possum
possum
possum,opus sum,opus sum
possum
debeo
possum
debeo
opus sum,possum
certus
possum
possum
possum
possum
possum
possum
possum
certus,possum
possum
possum
possum
oportet
necessarius
oportet
oportet,possum
possum
oportet
oportet
dubius
possum
possum
possum
possum
debeo,possum,possum
possum
possum
oportet
licet
necessarius,possum
possum
possum
possum
oportet,dubius
possum
debeo
oportet
oportet
possum
oportet
oportet
debeo
necessarius
debeo
certus
incertus
potestas,possum
opus sum,debeo
debeo
licet,dubius,aptus
aptus
aequus
aeque
licet,possum,possum
possum
possum
possum
possum
possum
possum
possum
possum
possum
potestas
possum
licet
possum
debeo
possum
possum
aptus
possum
possum
possum
possum
possum
possum
possum
oportet
aptus
oportet,aptus
oportet
oportet
oportet
possum
oportet,possum
possum
oportet,possum
certe
aptus
oportet
possum
licet
possum
opus sum
opus sum
possum
possum,opus sum,possum,possum
necessarius
opus sum
possum,possum
possum
possum
oportet
possum
possum
oportet
oportet
oportet
debeo
possum
licet
certus
oportet
oportet
debeo,possum
debeo
debeo
possum
possum,opus sum
opus sum
debeo
opus sum
possum
possum
aequus
possum
possum
facultas
possum
possum
possum
possum
opus sum
oportet
oportet
opus sum
oportet,certus
possum,oportet
possum
oportet
oportet
oportet,opus sum
aptus
oportet,possum
oportet
oportet
aptus
oportet,oportet
possum
oportet
oportet
oportet
debeo
nequeo
possum
valet
possum
oportet
oportet
oportet
necessarius
oportet
oportet
necesse sum
oportet
possum,possum
oportet
oportet
possum
oportet
oportet
aptus
oportet
valet
oportet
oportet
oportet
possum
possum
queo
valet
oportet
possum
certus
aequus
oportet
aeque
possum
debeo
possum
debeo
oportet,possum
possum
oportet
oportet
oportet
oportet
debeo
possum,oportet
possum,debeo
aeque
oportet
licet
oportet
possum
possum
oportet
oportet
oportet
oportet
oportet
oportet
possum
possum
possum
possum
possum
aptus,debeo
possum
possum
necesse sum,possum
aptus
possum
possum
necessarius
necessarius
oportet
oportet
necesse sum
oportet
aptus
certus
oportet
necessarius,valet
possum
debeo
oportet
necesse sum
oportet,possum
possum
possum
possum
oportet,possum
oportet
oportet
possum
licet
possum
oportet,possum
oportet
possum
oportet
oportet
oportet
oportet
oportet
possum
oportet
oportet,possum
possum,licet
oportet
oportet
oportet
oportet
licet
aptus
nequeo
possum
possum
possum
possum
oportet
oportet
possum,possum
oportet,possum
oportet,debeo
possum
possum
oportet
possum
possum
possum
possum
debeo
possum
possum,oportet
possum
debeo
debeo
dubius
oportet
oportet
oportet
oportet
oportet,possum
oportet
oportet
possum
oportet
possum
oportet
possum
oportet,decet
oportet
possum
possum
oportet
oportet
possum
oportet,possum
oportet
possum
necessarius
oportet
oportet
possum
possum
possum
possum
queo
debeo
facultas
oportet
possum
debeo
licet
oportet
oportet,possum
possum,possum
aptus
debeo,possum
possum,oportet
debeo
oportet,opus sum
possum
oportet,licet,possum
licet
possum,oportet
possum
possum
opus sum
licet
dubius
possum
possum
debeo
possum,possum
debeo
possum
opus sum
oportet,possum
possum
possum
oportet,possum
oportet,possum
possum
possum
possum
opus sum
licet
possum
possum
possum
licet,fortasse
debeo
debeo,possum
oportet
queo
possum
possum
oportet,possum
oportet,possum
oportet
certus,possum
licet
possum
possum
possum
oportet,aeque,possum
licet
oportet
oportet
aptus
dubius
possum
possum
possum
possum
oportet
debeo
opus sum
oportet
oportet
possum
possum
possum
oportet
aeque
aptus
possum
potestas
facultas,oportet
possum
oportet
possum,possum
oportet
oportet
possum
oportet,dubius
possum,oportet
possum
certus
possum
oportet
opus sum
possum
possum
possum
oportet
oportet
oportet,possum
meum sum
fortasse
oportet
oportet
oportet
oportet
aptus
oportet
possum
debeo
oportet
oportet
oportet
possum
possum
oportet
aeque
oportet
oportet
possum
possum
