4092	#non potest , inquit , ulla res lege damnari , quae lege permittitur .
5179	#Ibi dominus simul ac vidit occipitium vindemiatoris , furcillas reducit hibernatum in tecta , ut sine sumptu harum opera altero anno uti possit .
2932	#deinde ea libidinum turpitudo ut in hoc sit semper ipse laetatus , quod ea faceret quae sibi obici ne ab inimico quidem possent verecundo .
2926	#quis est qui pro rerum atrocitate deplorare tantas calamitates queat ?
3372	#primum , ut pluribus iuuenibus pateat ad uirtutem aditus , non debere omnium occasionem fortiter faciendi ab uno occupari .
2267	#tum ugurtha patratis consiliis , postquam omni Numidia potiebatur , in otio facinus suom cum animo reputans timere populum Romanum neque advorsus iram eius usquam nisi in avaritia nobilitatis et pecunia sua spem habere .
5059	#itaque quod non aeque peragunt numerum dierum in singulis signis , quantum sunt moratae prius , transiliendo celerioribus itineribus perficiunt iustum cursum .
1750	#hos a se coerceri non posse .
270	#itaque et domo absum et foro , quod nec eum dolorem quem de re publica capio , domus iam consolari potest nec domesticum res publica .
4612	"#"""" Haec conformatio licet in plures <res> , in mutas atque inanimas transferatur ."
3625	#an licuerit illi quod iubebat pater facere .
5499	#Cibi pars quod potio et ea iis aqua liquida , unde bibant esse oportet , eamque propinquam , quae praeterfluat aut in aliquem lacum influat , ita ut ne altitudine escendat duo aut tres digitos ;
4799	#Nos autem exponimus , uti ordo postulat , quemadmodum a praeceptoribus accepimus , uti , si qui voluerit his rationibus attendens ita ingredi , habeat proportiones explicatas , quibus emendatas et sine vitiis efficere possit aedium sacrarum dorico more perfectiones .
4207	#at <in> senatum , ad imperatorem et in consilium talis causa potest venire .
301	#unam enim partem et consuetudinem earum epistularum , quibus secundis rebus uti solebamus , tempus eripuerat , perfeceratque fortuna , ne quid tale scribere possem aut omnino cogitare .
4018	#ut aliquando mei miserearis , ut desinas adflictam domum persequi , ut scias me in hoc habitu accusare non posse , ut concupiscas gloriam uindicatae mortis .
951	#nunc si me tanti facis quanti certe facis , quoniam equitum centurias tenes , in quis regnas , mitte ad Lupum nostrum ut is nobis eas centurias conficiat .
636	#illud video , bene sentientem , etsi nihil effecerit , cadere non posse .
553	#quam sint morosi qui amant , vel ex hoc intellegi potest :
253	#postea quam mihi renuntiatum est de obitu Tulliae , filiae tuae , sane quam pro eo ac debui , graviter molesteque tuli communemque eam calamitatem existimavi ;
3345	#nec se demisit in preces aut rogauit , sed iure patrio usus est .
1185	#nec liberalius nec honorificentius potuisse tractari nec se praesentem nec rem familiarem absentis patroni sui .
5016	#Itaque qui putant se altitudine , qua sunt grumi , capita fontium posse habere , cum aperiunt fossuras latius , decipiuntur .
409	#si quid acciderit , ut mutandum consilium sit , te certiorem faciam statim .
3365	#an filius ob id quod sui iuris sit abdicari possit ;
4010	#quid ergo ? ne lugebo quidem quem uindicare non possum ?
723	#sed quoniam proximis quoque litteris ostendis quantae tibi curae sit ea res , sic , mi Paete , habeto , quicquid arte fieri potuerit ( non enim iam satis est consilio pugnare ;
3435	#cuius actio quam utilis fuisset , statim adparuit NIGRO BRVTTEDIO dicente qui hoc colore usus est :
1989	#Vix agmen novissimum extra munitiones processerat , cum Galli cohortati inter se , ne speratam praedam ex manibus dimitterent--longum esse perterritis Romanis Germanorum auxilium exspectare , neque suam pati dignitatem ut tantis copiis tam exiguam manum praesertim fugientem atque impeditam adoriri non audeant--flumen transire et iniquo loco committere proelium non dubitant .
3973	#Tantus autem error est in omnibus quidem studiis , maxime in eloquentia cuius regula incerta est , ut uitia quidam sua et intellegant et ament .
3866	#itaque sic agere debemus tamquam pro facto non emendato , non scelerato tamen .
1686	#quod esset acceptum detrimenti , cuiusvis potius quam suae culpae debere tribui .
1232	#Caunii praeterea debent , sed aiunt se depositam pecuniam habuisse .
4852	#diazomata , pluteos , itinera , ascensus , pulpita , tribunalia et si qua alia intercurrunt , ex quibus necessitas cogit discedere ab symmetria , ne inpediatur usus , non minus si qua exiguitate copiarum , id est marmoris , materiae reliquarumque rerum , quae parantur in opere defuerint , paulum demere aut adicere , dum id ne nimium inprobe fiat sed cum sensu , non erit alienum .
4241	#qua re scire potuerit , utrum diffidendum an confidendum fuerit .
22	#itaque Alexandrina causa , quae nobis adhuc integra est ( nihil enim tibi detraxit senatus nisi id , quod per eandem religionem dari alteri non potest ) , videtur ab illo plane esse deposita .
3785	#nec imperator potest tacere proditionem nec filius loqui proditorem .
615	#Marcellus idem illud de provinciis urget neque adhuc frequentiam senatus efficere potuit .
650	#nam Curio tui cupidissimus , quoi omnibus rationibus comitiales dies eripiebantur , negabat se ullo modo pati posse decerni supplicationes , ne quod furore Pauli adeptus esset boni sua culpa videretur amisisse et praevaricator causae publicae existimaretur .
3891	#tamquam non possum domum habere , nisi hanc emero ;
2869	#nec vos ut legati apud illum fuistis nec ut consulares , nec vos vestram nec rei publicae dignitatem tenere potuistis .
1382	#de Hispania nihil adhuc certi , nihil omnino novi .
4791	#interim pondere pressa radix acanthi media folia et cauliculos circum vernum tempus profudit , cuius cauliculi secundum calathi latera crescentes et ab angulis tegulae ponderis necessitate expressi flexuras in extremas partes volutarum facere sunt coacti .
2166	#Caesar interim M. Antonium quaestorem cum cohortibus XV in Bellovacis relinquit , ne qua rursus novorum consiliorum capiendorum Belgis facultas daretur .
5340	#Non scitis palmulas careotas Syrias parere in Iudaea , in Italia non posse ?
2209	#petere consulatum C. Antonium , quem sibi collegam fore speraret , hominem et familiarem et omnibus necessitudinibus circumventum ;
4037	#an contendere debuerit .
1089	#una navis est iam bonorum omnium , quam quidem nos damus operam ut rectam teneamus , utinam prospero cursu! sed , quicumque venti erunt , ars nostra certe non aberit .
3532	#in hoc desinebatur torqueri aliquando , ut saepius posset .
2834	#quae potest esse maior discordia ?
5257	#Quae superiore tempore fieri oportuerit et non sunt absoluta , antequam gemmas agant ac florescere incipiant , fieri , quod , si quae folia amittere solent ante frondere inceperunt , statim ad serendum idonea non sunt .
3808	#metuo te , puella , si nusquam rogari uis , nisi ubi occidere potes .
2303	#huic rogationi partim conscii sibi , alii ex partium invidia pericula metuentes , quoniam aperte resistere non poterant , quin illa et alia talia placere sibi faterentur , occulte per amicos ac maxume per homines nominis Latini et socios Italicos impedimenta parabant .
4828	#sol enim cum implet eius rotunditatem , aer conclusus curvatura neque habens potestatem vagandi versando confervescit et candens adurit excoquitque et inminuit e corporibus umores .
642	#plane nihil video ante K. Ianuarias agi posse .
5504	#Exemptio cum est maior , neque universam neque palam facere oportet , ne deficiant animum .
2640	#funestae illius quidem pecuniae , sed tamen quae nos , si eis quorum erat non redderetur , a tributis posset vindicare .
3077	#fidem Dolabellae , sanctissimi viri , deserere homo pius non potest .
1630	#sed fiebat aequitate decreti et humanitate Treboni , qui his temporibus clementer et moderate ius dicendum existimabat , ut reperiri non possent , a quibus initium appellandi nasceretur .
4883	#sed forte nonnulli haec levia iudicantes putant eos esse sapientes , qui pecunia sunt copiosi .
398	#nam de sestertiis nongentis milibus certe ita relatum est , ut tu sive frater tuus referri voluit .
3766	#ALBVCIVS hoc colore usus est :
231	#Nisi iam tunc omnia negotia cum summa tua dignitate diligentissime confecissem , tametsi nihil videbatur ad meum erga te pristinum studium addi posse , tamen hac mihi adfinitate nuntiata non maiore equidem studio , sed acrius , apertius , significantius dignitatem tuam defendissem .
2937	#illi debuerunt clarissimum et praestantissimum senatorem in civitate retinere .
1427	#non sic oportet ?
2148	#Caesar , etsi discessum hostium animadvertere non poterat incendiis oppositis , tamen id consilium cum fugae causa initum suspicaretur , legiones promovet , turmas mittit ad insequendum ;
4627	#Itaque architecti , qui sine litteris contenderant , ut manibus essent exercitati , non potuerunt efficere , ut haberent pro laboribus auctoritatem ;
2824	#aequum , credo , putavit vitam quam populi Romani votis retinuisset pro libertate populi Romani in discrimen adducere .
47	#num potui magis in arcem illius causae invadere aut magis oblivisci temporum meorum , meminisse actionum ?
619	#neque ille tacere eam rem poterit , quae suae spei tam opportuna acciderit quaeque in negotio conficiendo tanto inlustrior erit , cum praesertim is sit qui , si perniciosum sciret esse loqui de hac re , vix tamen se contineret .
3886	#si meos filios heredes facere non possum , tuos faciam .
4591	#ex naufragio patriae salvus nemo potest enatare .
5259	#Tertio inter vallo inter vergiliarum exortum et solstitium haec fieri debent .
2828	#Eos consules habemus , eam populi Romani alacritatem , eum consensum Italiae , eos duces , eos exercitus , ut nullam calamitatem res publica accipere possit sine culpa senatus .
5107	#Quae pacatis et sine metu temporibus ad utilitatem et delectationem paranda , quemadmodum debeant fieri , peregi esse futurum .
3778	#CESTI PII . Plus accepit auri , quam quod posset abscondi .
767	#Cum M. Fadio , quod scire te arbitror , mihi summus usus est valdeque eum diligo cum propter summam probitatem eius ac singularem modestiam , tum quod in iis controversiis , quas habeo cum tuis combibonibus Epicuriis , optima opera eius uti soleo .
5120	#Testudo , quae ad congestionem fossarum paratur ( eaque etiam accessus ad murum potest habere , sic erit facienda .
3718	#utrum ad redimendum potius captum patrem ire filius deberet , an ad alendam caecam matrem subsistere ;
380	#quam ob rem et illius eximia virtus summusque in te amor magnae tibi consolationi debet esse et nos ceterique , qui te non ex fortuna , sed ex virtute tua pendimus semperque pendemus , et maxime animi tui conscientia , cum tibi nihil merito accidisse reputabis et illud adiunges , homines sapientis turpitudine , non casu et delicto suo , non aliorum iniuria commoveri .
5419	#Is enim sine litteris idoneus non est , quod rationes dominicas pecuarias conficere nequiquam recte potest .
3325	#Quod ex toto emi non debet duplo emit .
2532	#nec vero necesse est quemquam a me nominari :
4835	#ea movetur circulorum rotundationibus infinitis , uti si in stantem aquam lapide inmisso nascantur innumerabiles undarum circuli crescentes a centro , quam latissime possint , et vagantes , nisi angustia loci interpellaverit aut aliqua offensio , quae non patitur designationes earum undarum ad exitus pervenire .
1483	#Africam sorte Tubero obtinere debebat .
2004	#Neque quisquam agri modum certum aut fines habet proprios ;
854	#ad hoc robur nostrorum exercituum sive Africanus exercitus , qui est veteranus , sive Caesaris accessisset , aequo animo summam rem p. in discrimen deduceremus ;
265	#quantum enim praesens me adiuvare potueris et consolando et prope aeque dolendo , facile ex eo intellego , quod litteris lectis aliquantum adquievi .
86	#tanta est exspectatio vel animi vel ingeni tui , ut ego te obsecrare obtestarique non dubitem , sic ad nos conformatus revertare , ut , quam exspectationem tui concitasti , hanc sustinere ac tueri possis ;
5011	#aer autem cur a sole percalefactus cum rationibus tollit ex terra umores , licet ex balineis exemplum capere .
1030	#qui si intellexerit commoda sua curae tibi esse , debere etiam se tibi omnia putabit .
4337	#De elocutione , quia plura dicenda videbantur , in quarto libro conscribere maluimus , quem , ut arbitror , tibi librum celeriter absolutum mittemus , ne quid tibi rhetoricae artis deesse possit .
1416	#videtur , si insaniet , posse opprimi , modo ut urbe salva .
4466	#Nam rerum inperiti , qui unius cuiusque rei de rebus ante gestis exempla petere non possunt , ii per inprudentiam facillime deducuntur in fraudem :
3647	#PASSIENVS hoc colore usus est :
3849	#at ex Sallusti sententia nihil demi sine detrimento sensus potest .
2386	#Marius postquam infecto quo intenderat negotio Cirtam redit et de adventu legatorum certior factus est , illosque et Sullam ab Utica venire iubet , item L. Bellienum praetorem , praeterea omnis undique senatorii ordinis , quibuscum mandata Bocchi cognoscit .
4303	#Nam in huiuscemodi expositione reprehensione utemur , si quos praeterquam quos ille conlegerit , potuisse suscipere maleficium ostenderimus :
4623	#cum autem concilium caelestium in sedibus inmortalitatis eum dedicavisset et imperium parentis in tuam potestatem transtulisset , idem studium meum in eius memoria permanens in te contulit favorem .
111	#quae nec possunt scribi nec scribenda sunt ;
2453	#Caesar item producit copias celeriterque eis instructis ante suas munitiones quae erant in campo consistit , sine dubio existimans ultro adversarios , cum tam magnis copiis auxiliisque regis essent praediti promptiusque prosiluissent , acie secum concursuros propiusque se accessuros .
1787	#Cui rationi contra homines barbaros atque imperitos locus fuisset , hac ne ipsum quidem sperare nostros exercitus capi posse .
4242	#Argumentum est , per quod res coarguitur certioribus argumentis et magis firma suspicione .
2292	#nihil vi , nihil secessione opus est ;
4435	#Quis est enim , qui , non summe cum tenet artem , possit ea , quae iubeat ars , de tanta et tam diffusa scriptura notare et separare ?
4	#huic adsentiuntur reliqui consulares praeter Servilium , qui omnino reduci negat oportere , et Volcacium , qui Lupo referente Pompeio decernit , et Afranium , qui adsentitur Volcacio .
300	#quaerenti mihi iam diu , quid ad te potissimum scriberem , non modo certa res nulla , sed ne genus quidem litterarum usitatum veniebat in mentem .
5304	#Itaque si nequeas mature conficere , in acervis iactando ventilare oportet .
943	#quos ipsi adhuc satis adroganter Allobroges equitatusque omnis , qui eo praemissus erat a nobis , sustinebant , nostroque adventu sustineri facilius posse confidimus .
3316	#Has manus si per te redimere non potes , rempublicam appella .
4546	#Pronominatio est , quae sicuti cognomine quodam extraneo demonstrat id , quod suo nomine non potest appellarei ;
2607	#quam domum aliquamdiu nemo aspicere poterat , nemo sine lacrimis praeterire , hac te in domo tam diu deversari non pudet ?
1129	#id quoniam adsequi non possum , tu re velim efficias ut ille genere mearum litterarum incredibile quiddam perfectum arbitretur .
490	#deinde , cum studium tuum consumas in virorum fortium factis memoriae prodendis , considerare debes nihil tibi esse committendum quam ob rem eorum , quos laudas , te non simillimum praebeas .
141	#nunc mihi non est dubium quin , si antea auditum erit otium esse in Syria , venturae non sint ;
628	#si quid de ea re ad populum pl. ve lato opus esset , uti Ser. Sulpicius , AL Marcellus coss. , praetores tr. q. pl. , quibus eorum videretur , ad populum pl. ve ferrent ;
303	#obtinemus ipsius Caesaris summam erga nos humanitatem , sed ea plus non potest quam vis et mutatio omnium rerum atque temporum .
1266	#de re nihil possum iudicare , nisi illud mihi persuadeo , te , talem virum , nihil temere so fecisse .
1156	#erat enim et studiosus Crassi et ad eius optima studia vehementer aptus ;
3551	#BLANDVS in ultima parte controuersiae , qua de republica disputatur , quaestionem fecit , an quinquennium numerari debeat excepta tyrannide .
4862	#de lignatione , quae maxime necessaria est ad cibum coquendum , difficilis et molesta est apparatio , quod et tarde comportatur et plus consumitur .
2240	#potest alio tempore , alio consule , quoi item exercitus in manu sit , falsum aliquid pro vero credi .
4708	#natare autem eos posse ideo videtur , quod terra est , de qua ducuntur , pumicosa .
4958	#in hisque minime gypsum debet admisceri , sed ex creto marmore uno tenore perduci , uti ne praecipiendo non patiatur uno tenore opus inarescere .
1748	#Hos seditiosa atque improba oratione multitudinem deterrere , ne frumentum conferant quod debeant :
3121	#Hoc uero alterum nomen Graecum quidem sed in Latinum ita translatum ut pro Latino sit , scolastica , controuersia multo recentius est , sicut ipsa declamatio apud nullum antiquum auctorem ante Ciceronem et Caluum inueniri potest qui declamationem distinguit ;
119	#omnis peregrinatio , quod ego ab adulescentia iudicavi , obscura et sordidast iis , quorum industria Romae potest inlustris esse .
3950	#MONTANVS VOTIENVS , homo rarissumi etiamsi non emendatissimi ingeni , uitium suum quod in orationibus non euitat in scolasticis quoque euitare non potuit , sed in orationibus , quia laxatior est materia , minus earundem rerum adnotatur iteratio ;
762	#Rufum istum , amicum tuum , de quo iterum iam ad me scribis , adiuvarem , quantum possem , etiam si ab eo laesus essem , cum te tanto opere viderem eius causa laborare ;
4432	#Postremo hoc ipsum summum est artificium res varias et dispares in tot poematis et orationibus sparsas et vage disiectas ita diligenter eligere , ut unum quodque genus exemplorum sub singulos artis locos subicere possis .
999	#qua re maiorem in modum te rogo ut rem potiorem oratione ducas mihique , si sentis expedire recte fieri , credas nullam communionem cum improbis esse posse .
3184	#hactenus in te inquiri potest ;
4640	#hydraulicas quoque machinas et cetera , quae sunt similia his organis , sine musicis rationibus efficere nemo poterit .
3963	#ille habuit sine dubio nouercam .
1646	#dictitabant enim se domo patriaque expulsos omnibus necessariis egere rebus , ut honesta praescriptione rem turpissimam tegerent .
2508	#cruenta illa quidem , sed his temporibus , quoniam eis quorum est non redditur , necessaria .
1582	#Caesar me , quem sibi carissimum habuit , provinciam Siciliam atque Africam , sine quibus urbem atque Italiam tueri non potest , vestrae fidei commisit .
633	#Pompei sunt animadversa , quae maxime confidentiam attulerunt hominibus , ut diceret se ante K. Martias non posse sine iniuria de provinciis Caesaris statuere , post K. Martias se non dubitaturum .
2203	#de qua quam verissume potero dicam .
5142	#Itaque prius ostendam , quae secerni oporteat ab ea , tum de his rebus dicam sequens naturales divisiones .
1916	#Haec civitas longe plurimum totius Galliae equitatu valet magnasque habet copias peditum Rhenumque , ut supra demonstravimus , tangit .
2116	#Cum a meridie prope ad solis occasum dubia victoria pugnaretur , Germani una in parte confertis turmis in hostes impetum fecerunt eosque propulerunt ;
1913	#COMMENTARIUS QUINTUS L. Domitio Ap. Claudio consulibus , discedens ab hibernis Caesar in Italiam , ut quotannis facere consuerat , legatis imperat quos legionibus praefecerat uti quam plurimas possent hieme naves aedificandas veteresque reficiendas curarent .
246	#accipio excusationem tuam , qua usus es , cur saepius ad me litteras uno exemplo dedisses , sed accipio ex ea parte , quatenus aut neglegentia aut improbitate eorum , qui epistulas accipiant , fieri scribis ne ad nos perferantur ;
3355	#Abdicatio mea in potestate abdicati est .
5178	#Vineae altitudinis modus longitudo hominis , inter valla pedamentorum , qua boves iuncti arare possint .
4647	#at si vulnus mederi aut aegrum eripere de periculo oportuerit , non accedet musicus , sed id opus proprium erit medici ;
2955	#quod quidem eo vehementius tibi laborandum est quia in eandem cadere suspicionem conlega , vir clarissimus , non potest .
934	#malevolentiae hominum in me , si poteris , occurres ;
4186	#Rem dilucide narrabimus , si ut quicquid primum gestum erit , ita primum exponemus et rerum ac temporum ordinem conservabimus , ut gestae res erunt aut ut potuisse geri videbuntur :
3344	#coeperat hoc tractare , non debere ali tyranni patrem ;
46	#itaque , quamquam et Pompeio plurimum te quidem ipso praedicatore ac teste debebam et eum non solum beneficio , sed amore etiam et perpetuo quodam iudicio meo diligebam , tamen non reputans , quid ille vellet , in omnibus meis sententiis de re publica pristinis permanebam .
788	#sed de pace litterae vel Lepidi vel tuae quam in partem acceptae sint , ex viro optimo , fratre tuo , et ex C. Furnio poteris cognoscere .
5186	#Iugum vocant , quod iuncti boves uno die exarare possint .
4185	#et si exitus rerum ita ponemus , ut ante quoque quae facta sint , scire possint , tametsi nos reticuerimus :
2964	#cum P. Dolabella quique eius crudelissimi et taeterrimi facinoris ministri , socii , adiutores fuerunt hostes populi Romani a senatu iudicati sint , cumque senatus P. Dolabellam bello persequendum censuerit , ut is qui omnia deorum hominumque iura novo , inaudito , inexpiabili scelere polluerit nefarioque se patriae parricidio obstrinxerit poenas dis hominibusque meritas debitasque persolvat , senatui placere C.
3461	#dolet periclitatam esse et ab eo abducit , sine quo negat se posse uiuere ;
3667	#Facinus indignum ! felicissime licet cedat actio , id solum proficiemus , ut qui Ciceronem occidit tantum erubescat .
994	#itaque in victoria hominis necessari neque honoris neque pecuniae dulcedine sum captus , quibus praemiis reliqui , minus apud eum quam ego cum possent , immoderate sunt abusi .
2946	#quae est enim ratio aut qui potest fieri ut sine imperio teneatur exercitus ?
3660	#Solebat OVIDIVS de his uersibus dicere , fieri potuisse longe meliores , si secundi uersus ultima pars abscideretur et sic desineret :
1064	#equidem sic iam obdurui ut ludis Caesaris nostri animo aequissimo viderem T.
3422	#quos abdicatione non potuit terrere , putat se castigaturum adoptione .
2752	#M. vero Antonium quis est qui civem possit iudicare potius quam taeterrimum et crudelissimum hostem , qui pro aede Castoris sedens audiente populo Romano dixerit nisi victorem victurum neminem ?
5446	#Columbas redire solere ad locum licet animadvertere , quod multi in theatro e sinu missas faciunt , atque ad locum redeunt , quae nisi reverterentur , non emitterentur .
2652	#colonos novos ascribi posse rescripsi .
371	#sed nescio quo modo ipsae illae excludere me a portu et perfugio videntur et quasi exprobrare , quod in ea vita maneam , in qua nihil insit nisi propagatio miserrimi temporis hic tu me abesse urbe miraris , in qua domus nihil delectare possit , summum sit odium temporum , hominum , fori , curiae ?
1640	#Hic subitam commutationem fortunae videre licuit .
3167	#esse tamen potentius quam ullam quaestionem .
4678	#Ventus autem est aeris fluens unda cum certa motus redundantia .
78	#sunt , qui putant posse te non decedere , quod sine lege curiata tibi succedatur ;
323	#a te peto ut tu quoque aequum te iudicem dolori meo praebeas ;
2249	#si haec relinquere voltis , audacia opus est :
3759	#Ita sine dubio beneficium dedit , quod custodiuit dominam a stupro , se a cruce ? Cum infelice face ad dotalem suum noua nupta deduceretur , si qua fides est , exhorrui quasi repositum esset edictum .
36	#ego quidem , ut debeo et ut tute mihi praecepisti et ut me pietas utilitasque cogit , me ad eius rationes adiungo , quem tu in meis rationibus tibi esse adiungendum putasti sed te non praeterit , quam sit difficile sensum in re publica , praesertim rectum et confirmatum , deponere .
1439	#A Flamma , si non potes omne , partem aliquam velim extorqueas , in primisque ut expedita sit pensio K. Ian. de attributione conficies , de repraesentatione videbis .
2587	#quid autem agebatur nisi ne deleri rem publicam funditus velles , cum te neque principes civitatis rogando neque maiores natu monendo neque frequens senatus agendo de vendita atque addicta sententia movere potuit ?
1595	#sese , cum opus esset , signum proelii daturum et quod rem postulare cognovisset imperaturum .
237	#itaque mihi venire in mentem nihil potest , non modo quod sperem , sed vix iam quod audeam optare .
1781	#Itaque re frumentaria quam celerrime potuit comparata magnis itineribus ad Ariovistum contendit .
1978	#his certum diem conveniendi dicit .
4409	#Tum nec nimis inlustris nec vehementer obscuros locos habere oportet , ne aut obcaecentur tenebris imagines aut splendore praefulgeant .
4736	#Acumen autem eius et sollertiam ad aedificia paranda sic licet considerare .
1093	#quam nos , si licebit , more nostro tuebimur , quamquam admodum sumus iam defetigati .
1906	#Itaque , cum summo studio a militibus administraretur , XII navibus amissis , reliquis ut navigari satis commode posset effecit .
4550	#Nam hic , nisi ornandi ratio quaedam esset habita , Scipio potuit et Kartago simpliciter appellari .
2143	#Quorum periculo sic omnes copiae sunt perturbatae ut vix iudicari posset , utrum secundis minimisque rebus insolentiores an adverso mediocri casu timidiores essent .
335	#res eas gessi , quarum aliquam in tuis litteris et nostrae necessitudinis et rei p. causa gratulationem exspectavi ;
2180	#Paucos dies ipse in provincia moratus , cum celeriter omnes conventus percucurrisset , publicas controversias cognosset , bene meritis praemia tribuisset ( cognoscendi enim maximam facultatem habebat , quali quisque fuisset animo in totius Galliae defectione , quam sustinuerat fidelitate atque auxiliis provinciae illius ) , his confectis rebus ad legiones in Belgium se recipit hibernatque Nemetocennae .
1390	#quod si in iis scribendis nihil aliud nisi quod necesse fuit de uno me tam diu cogitavisses , ferreus essem si te non amarem ;
1106	#illud magis mihi solet esse molestum , tantis me impediri occupationibus , ut ad te scribendi meo arbitratu facultas nulla detur .
1834	#et in commemoranda civitatis calamitate ex DC ad tres senatores , ex hominum milibus LX vix ad D , qui arma ferre possent , sese redactos esse dixerunt .
1867	#Illi alias eruptione temptata , alias cuniculis ad aggerem vineasque actis ( cuius rei sunt longe peritissimi Aquitani , propterea quod multis locis apud eos aerariae secturaeque sunt ) , ubi diligentia nostrorum nihil his rebus profici posse intellexerunt , legatos ad Crassum mittunt seque in deditionem ut recipiat petunt .
3698	#certe nec secreta te fallunt .
2505	#fuerit quaedam necessaria ;
203	#de rebus urbanis quod me certiorem fecisti , cum per se mihi gratum fuit , tum quod significasti tibi omnia mea mandata curae fore .
2657	#erant fortasse gladii , sed absconditi nec ita multi .
882	#illud me Cordubae pro contione dixisse nemo vocabit in dubium , provinciam me nulli , nisi qui ab senatu missus venisset , traditurum .
2991	#num fraude poterit carere peculatus ?
1171	#is cum Romae annum prope ita fuisset , ut mecum viveret , etsi eramus in magna spe te meis litteris commendationeque diligentissime facturum id , quod fecisti , ut eius rem et fortunas absentis tuerere , tamen , quod in unius potestate erant omnia et quod Lyso fuerat in nostra causa nostrisque praesidiis , cotidie aliquid timebamus .
688	#qua re velim , mi iucundissime Cicero , si forte Pompeius pulsus his quoque locis rursus alias regiones petere cogatur , ut tu te vel Athenas vel in quamvis quietam recipias civitatem .
5479	#neque enim magnum molimentum esse potest .
214	#neque enim de meo erga te studio dubitare debes , neque id est obscurum cuiquam in provincia nec Romae fuit .
5293	#Propter cuius modi res admiranda discrimina sunt naturae aliquot , ex quibusdam foliis propter eorum versuram , quod sit anni tempus , ut dici possit , ut olea et populus alba et salix .
386	#sin idem placebit atque eodem , nec continuo poterit , omnia tibi ut nota sint faciam .
5338	#In canibus enim video posse dici .
1746	#eo autem frumento quod flumine Arari navibus subvexerat propterea uti minus poterat quod iter ab Arari Helvetii averterant , a quibus discedere nolebat .
1227	#sed tamen cum me non fugiat quanta' sit in praetore auctoritas , praesertim ista integritate , gravitate , clementia , qua te esse inter omnes constat , peto abs te pro nostra coniunctissima necessitudine plurimisque officiis paribus ac mutuis ut voluntate , auctoritate , studio tuo perficias ut M.
3538	#Si tamen quid peccasset in partu , ignosci ei posset ;
3109	#atque utinam maiora possemus , quando quidem a vobis maxima accepimus ! vos ab urbe furentem Antonium avertistis ;
4425	#Non enim , sicut a ceteris studiis abducimur nonnumquam occupatione , item ab hac re nos potest causa deducere aliqua .
2715	#quod si id ante facere conatus essem , nunc facere non possem .
588	#Sulpici tibi operam intellego ex tuis litteris non multum opus fuisse propter tuas res ita contractas ut quem ad modum scribis , 'nec caput nec pedes. ' equidem vellem uti pedes haberent , ut aliquando redires .
1551	#diductisque nostris paulatim navibus et artificio gubernatorum et mobilitati navium locus dabatur , et siquando nostri facultatem nacti ferreis manibus iniectis navem religaverant , undique suis laborantibus succurrebant .
4789	#Postea autem quam Athenienses ex responsis Apollinis Delphici , communi consilio totius Hellados , XIII colonias uno tempore in Asiam deduxerunt ducesque singulis coloniis constituerunt et summam imperii potestatem Ioni , Xuthi et Creusae filio , dederunt , quem etiam Apollo Delphis suum filium in responsis est professus , isque eas colonias in Asiam deduxit et Cariae fines occupavit ibique civitates amplissimas constituit Ephesum , Miletum , Myunta , ( quae olim ab aqua est devorata ;
4611	#quam dolis malitiosa Kartago , viribus probata Numantia , disciplinis erudita Corinthus labefactare non potuit , eam patimini nunc ab homunculis deterrumis proteri atque conculcari ?
2099	#Magno horum coacto numero , cum Caesar in Sequanos per extremos Lingonum fines iter faceret , quo facilius subsidium provinciae ferri posset , circiter milia passuum decem ab Romanis trinis castris Vercingetorix consedit convocatisque ad concilium praefectis equitum venisse tempus victoriae demonstrat .
3186	#etiamsi nos nobis non timeremus , tu tibi metuere deberes .
2706	#si enim tum illi caedis a me initium quaerenti respondere voluissem , nunc rei publicae consulere non possem .
4995	#Animadvertimus vero non solum nascentia ex his esse procreata , sed etiam res omnes non ali sine eorum potestate neque crescere nec tueri .
5089	#ita necesse erat rursus retroducere .
4357	#honestum nihil oportere existimari , quod non salutem pariat .
1508	#pons enim ipsius magnum circuitum habebat , ut multo breviore itinere illi ad Hiberum pervenire possent .
1163	#quem si tu iam forte cognosti , puto me hoc quod facio facere serius ;
248	#atque hoc ipso melior est tua quam nostra condicio , quod tu , quid doleat , scribere audes , nos ne id quidem tuto possumus , nec id victoris vitio , quo nihil moderatius , sed ipsius victoriae , quae civilibus bellis semper est insolens .
1830	#Milites non longiore oratione cohortatus quam uti suae pristinae virtutis memoriam retinerent neu perturbarentur animo hostiumque impetum fortiter sustinerent , quod non longius hostes aberant quam quo telum adigi posset , proelii committendi signum dedit .
4834	#hoc vero fieri ita poterit , si locus electus fuerit , ubi non inpediatur resonantia .
3214	#haec dixit in sacerdote futura maxime debere aestimari :
593	#nam et Cassius tuus et Dolabella noster vel potius uterque noster studiis iisdem tenentur et meis aequissimis utuntur auribus .
2217	#ne existumarent sibi , patricio homini , quoius ipsius atque maiorum pluruma beneficia in plebem Romanam essent , perdita re publica opus esse , quom eam servaret M.
4716	#Igitur dissimilibus et disparibus rebus correptis et in udam potestatem conlatis , calida umoris ieiunitas aqua repente satiata latenti calore confervescit et vehementer efficit ea coire celeriterque communibus corporibus unam soliditatis percipere virtutem .
2644	#mira verborum complexio ! at ille numquam —semper enim absenti adfui Deiotaro — quicquam sibi quod nos pro illo postularemus aequum dixit videri .
4331	#Quattuor locis uti possumus <conclusionibus :
3740	#itaque a fili parte utique aiebat prius accusandum , quia unum deberet crimen defendere , duo obicere , et adulteri et caedis .
3920	#MONTANVS partem accusatoris declamauit et hoc colore usus est :
1294	#di faxint ut tali genero mihi praesenti tecum simul et cum liberis nostris frui liceat !
522	#addo etiam , cum ea urbe careas in qua nihil sit quod videre possis sine dolore .
344	#qua re te rogo , si opus erit , ad Caesarem meam causam agas meque tibi in omnis partis defendendum putes , hoc existimans , neminem te tui amantiorem habere .
308	#quod autem mihi de eo , quod egerim , gratularis , te ita velle certo scio ;
1197	#illud fore tibi adiumento spero , cuius ipse Caesar optimus esse iudex potest :
3738	#debet , inquit , reus in epilogo desinere .
2877	#non enim ita gerimus nos hoc bello consulares ut aequo animo populus Romanus visurus sit nostri honoris insignia , cum partim e nobis ita timidi sint ut omnem populi Romani beneficiorum memoriam abiecerint , partim ita a re publica aversi ut se hosti favere prae se ferant , legatos nostros ab Antonio despectos et inrisos facile patiantur , legatum Antoni sublevatum velint .
77	#ego , quid ad te tuorum quisque necessariorum scribat , nescio ;
3257	#ignoscit non sequenti castra , si non potest , quamuis pater ipse militaris sit .
3428	#itaque certam futuram adoptionem .
5345	#nec non emptor pote ex empto vendito illum damnare , si non tradet , quamvis non solverit nummos , ut ille emptorem simili iudicio , si non reddit pretium .
4137	#si uerum , inquit , uultis , non occidit illum , sed deficientis et alioqui exspiraturi morte usus est .
605	#sed hoc usque eo suave est ut , si acciderit , tota vita risus nobis desse non possit .
924	#quae quanto sit in periculo quam potero brevissime exponam .
4107	#ex his aliquos hic sustulit et eas partes quae cui possent miserabiliores esse , manu sua abstulit :
2837	#nolite igitur id velle quod fieri non potest , et cavete , per deos immortalis ! patres conscripti , ne spe praesentis pacis perpetuam pacem amittatis .
5291	#Quae in seminario nata , si loca erunt frigidiora , quae molli natura sunt , per brumalia tempora tegere oportet fronde aut stramentis .
4759	#tunc vero cum animadversum est alia eos tela praeter sudes non habere neque posse longius a muro propter pondus iaculari , imperatum est fasciculos ex virgis alligatos et faces ardentes ad eam munitionem accedentes mittere .
1362	#itaque , quod pro meo iudicio facere potui , ut innocentia consilioque tuo defensam provinciam , servatum Ariobarzanis cum ipso rege regnum , sociorum revocatam ad studium imperi nostri voluntatem sententia mea et decreto laudarem , feci .
2336	#praeterea conquirit ex agris quam plurumum potest domiti pecoris eoque inponit vasa quoiusque modi , sed pleraque lignea collecta ex tuguriis Numidarum ;
1489	#potestate facta Afranius copias educit et in medio colle sub castris constituit .
4511	"#""Hic sibi posset temperare , nisi amorei mallet obtemperare. "" Demendis nunc litteris sic :"
2423	#tantum orare et petere ab eo uti sibi praesidium daret , quo tutius id et sine periculo facere possent ;
4845	#hoc vero licet animadvertere etiam ab citharoedis , qui , superiore tono cum volunt canere , avertunt se ad scaenae valvas et ita recipiunt ab earum auxilio consonantiam vocis .
1975	#De casu Sabini et Cottae certius ex captivis cognoscit .
2969	#ego autem veteranos tueri debeo , sed eos quibus sanitas est ;
2782	#Brutum obsidione liberandum profectus sit timere ne memoria maneat domestici doloris quae plus apud eum possit quam salus civitatis .
843	#qui certe ego fuissem .
4892	#calices duo in una fornace aeque cocti aequoque pondere ad crepitumque uno sonitu sumantur .
4555	#Distributio est , cum <in> plures res aut personas negotia quaedam certa dispertiuntur , hoc modo :
4869	#in palaestris peristylia quadrata sive oblonga ita sunt facienda , uti duorum stadiorum habeant ambulationis circumitionem , quod Graeci vocant diaulon , ex quibus tres porticus simplices disponantur , quarta , quae ad meridianas regiones est conversa , duplex , uti , cum tempestates ventosae sint , non possit aspergo in interiorem partem pervenire .
4022	#scio me quamdiu tecum fuero perire non posse .
3732	#non miror si nescis quam difficile sit patrem occidere , cum incertum habeas patrem .
1022	#nihil est tantum quod non p. R. a te perfici atque obtineri posse iudicet .
2449	#Caesar brachiis perfectis promotisque usque eo ut telum ex oppido adigi non posset , castra munit , ballistis scorpionibusque crebris ante frontem castrorum contra oppidum collocatis defensores muri deterrere non intermittit eoque quinque legiones ex superioribus castris deducit .
606	#quod ad Philotimi liberti officium et bona Milonis attinet , dedimus operam ut et Philotimus quam honestissime Miloni absenti eiusque necessariis satis faceret et secundum eius fidem et sedulitatem existimatio tua conservaretur .
5256	#Primo inter vallo inter favonium et aequinoctium vernum haec fieri oportet .
2024	#Circumfunduntur ex reliquis hostes partibus , si quem aditum reperire possent .
4670	#Crassitudinem autem muri ita faciendam censeo , uti armati homines supra obviam venientes alius alium sine inpeditione praeterire possint , dum in crassitudine perpetuae taleae oleagineae ustilatae quam creberrime instruantur , uti utraeque muri frontes inter se , quemadmodum fibulis , his taleis conligatae aeternam habeant firmitatem ;
3013	#non possumus ;
4840	#Non enim inter duo intervalla , cum chordarum sonitus aut vocis cantus factus fuerit , nec inter tria aut sex aut septem possunt consonantiae fieri , sed , uti supra scriptum est , diatessaron et diapente et ex ordine ad disdiapason convenientiae ex natura vocis congruentis habent finitiones .
933	#tu quae istic opus erunt administrari prospicies , ut ex tua voluntate reique publicae commodo fiant .
5281	#Tertium genus seminis , quod ex arbore per surclos defertur in terram , si in humum demittitur , in quibusdam est videndum ut eo tempore sit deplantatum , quo oportet ( id fit tum , antequam gemmare aut florere quid incipit ) ;
2864	#credo autem , qui generi querelam moderate ferat , aequo animo laturum amici .
1068	#Scr. Romae mense incerto a. 710 ( 44 ) .
5286	#Quare observabis , quantum in ea regione consuetudo erit serendi , ut tantum facias , quod tantum valet regio ac genus terrae , ut ex eodem semine aliubi cum decimo redeat , aliubi cum quinto decimo , ut in Etruria locis aliquot .
2516	#atque haec dico de futuris , quod est amicorum ante dicere ea quae vitari possint :
2495	#veritus sum ne meus repentinus ad meos necessarios adventus suspicionis aliquid adferret , si essem commoratus .
4353	#Exordiri licebit vel a principio vel ab insinuatione vel isdem rationibus , quibus in iudicialei causa .
555	#mihi crede , nihil ex ista provincia potes quod iucundius sit deportare .
5326	#Ita fiunt omnium partes minimum octoginta et una , et quidem necessariae nec parvae .
3066	#'Massiliensibus iure belli adempta reddituros vos pollicemini. ' nihil disputo de iure belli —magis facilis disputatio est quam necessaria — illud tamen animadvertite , patres conscripti , quam sit huic rei publicae natus hostis Antonius , qui tanto opere eam civitatem oderit quam scit huic rei publicae semper fuisse amicissimam .
2196	#qui labores , pericula , dubias atque asperas res facile toleraverant , iis otium divitiaeque , optanda alias , oneri miseriaeque fuere .
4157	#Haec omnia tribus rebus adsequi poterimus :
4713	#ergo cum tres res consimili ratione ignis vehementia foratae in unam pervenerint mixtionem , repente recepto liquore una cohaerescunt et celeriter umore duratae solidantur , neque eas fluctus neque vis aquae potest dissolvere .
3026	#sed quoniam ab hoc ordine non fortitudo solum verum etiam sapientia postulatur —quamquam vix videntur haec posse seiungi , seiungamus tamen —fortitudo dimicare iubet , iustum odium incendit , ad confligendum impellit , vocat ad periculum :
4773	#ex eo etiam videntur civitates Graecorum fecisse , quemadmodum cubitus est sex palmorum , in drachma , qua nummo uterentur , aereos signatos uti asses ex aequo sex , quos obolos appellant , quadrantesque obolorum , quae alii dichalca , nonnulli trichalca dicunt , pro digitis viginti quattuor in drachma constituisse .
2609	#fieri non potest .
74	#tu me de tuis rebus omnibus et de Lentuli tui nostrique studiis et exercitationibus velim quam familiarissime certiorem et quam saepissime facias existimesque neminem cuiquam neque cariorem neque iucundiorem umquam fuisse quam te mihi , idque me non modo ut tu sentias , sed ut omnes gentes , etiam ut posteritas omnis intellegat esse facturum .
3200	#Mouet me respectus omnium uirginum de quibus grauis hodie fertur sententia , si in ciuitate nulla inueniri potest neque meretrice castior neque homicida purior .
479	#itaque illud alterum , quod dixi , litterarum genus cotidie mihi , ut spero , fiet proclivius , ut etiam polliceri possim .
833	#sed minus audes fortasse propter inanem laetitiam litterarum superiorum .
1088	#neque enim statuti quid in tanta perturbatione habere potuisti .
4978	#Quae commonefacere potui , ut ab errore discedatur in opere tectorio , satis exposui ;
52	#hic ego , quantum humano consilio efficere potui , circumspectis rebus meis omnibus rationibusque subductis summam feci cogitationum mearum omnium ;
4526	#Definitio est , quae rei alicuius proprias amplectitur potestates breviter et absolute , hoc modo :
1708	#Caesar paucos dies in Asia moratus cum audisset Pompeium Cypri visum , coniectans eum Aegyptum iter habere propter necessitudines regni reliquasque eius loci opportunitates cum legione una , quam se ex Thessalia sequi iusserat , et altera , quam ex Achaia a Q. Fufio legato evocaverat , equitibusque dccc et navibus longis Rhodiis x et Asiaticis paucis Alexandriam pervenit .
2929	#est enim sapientis , quicquid homini accidere possit , id praemeditari ferendum modice esse , si evenerit .
3092	#quanto enim honore , laetitia , gratulatione in hoc templum ingredi debent illi ipsi huius urbis liberatores , cum hesterno die propter eorum res gestas me ovantem et prope triumphantem populus Romanus in Capitolium domo tulerit , domum inde reduxerit ?
3620	#fratrem non occidi , non potui fratrem occidere ;
57	#in quo ego spem fefelli non modo invidorum , sed etiam inimicorum meorum , qui de uno acerrimo et fortissimo viro meoque iudicio omnium magnitudine animi et constantia praestantissimo , Q. Metello L. f. , quondam falsam opinionem acceperunt , quem post reditum dictitant fracto animo et demisso fuisse ( est vero probandum , qui et summa voluntate cesserit et egregia animi alacritate afuerit neque sane redire curarit , eum ob id ipsum fractum fuisse , in quo cum omnis homines tum M. illum Scaurum , singularem virum , constantia et gravitate superasset ! )—sed , quod de illo acceperant aut etiam suspicabantur , de me idem cogitabant , abiectiore animo me futurum , cum res publica maiorem etiam mihi animum quam umquam habuissem , daret , cum declarasset se non potuisse me uno civi carere , cumque Metellum unius tr. pl. rogatio , me universa res publica duce senatu , comitante Italia , promulgantibus omnibus magistratibus , te ferente consule , comitiis centuriatis , cunctis ordinibus hominibus incumbentibus , omnibus denique suis viribus reciperavisset .
580	#nam si falsa fuerunt quae tu ad me , ut ais , 'detulisti , ' quod tibi ego debeo ?
1118	#quamquam Patronis et orationem et causam tibi cognitam esse certo scio ;
4204	#Ea dividitur in inprudentiam , fortunam , necessitatem :
2580	#quae flagitia domus illa diutius ferre non potuit .
4386	#Firmam ergo maxime poterimus in dicendo vocem conservare , si quam maxime sedata et depressa voce principia dicemus .
138	#quod scribis Apamea praesidium deduci non oportuisse , videbam item ceteros existimare molesteque ferebam de ea re minus commodos sermones malevolorum fuisse .
414	#si enim bene sentire recteque facere satis est ad bene beateque vivendum , vereor ne eum , qui se optimorum consiliorum conscientia sustentare possit , miserum esse nefas sit dicere .
1510	#itaque infirmiores milites ex omnibus centuriis deligi iubet , quorum aut animus aut vires videbantur sustinere non posse .
1381	#longior autem flu/aron aliquem habuisset nam spouda /zein sine periculo vix possumus .
2561	#ea velim reprehendas , si potes :
1322	#qua re quantum potes adiuva ;
4635	#quam necesse est studiosius novisse , quod habet multas et varias naturales quaestiones .
3413	#negat se solitudinem pati posse .
4960	#in aestivis et exhedris , ubi minime fumus est nec fuligo potest nocere , ibi caelatae sunt faciendae .
1392	#in excitando autem et in acuendo plurimum valet , si laudes eum quem cohortere .
4348	#et item res humiles et indignas viris fortibus *** vel viros fortes propterea contemnere oportere nec idoneas dignitate sua iudicare .
321	#sin autem aliquid impertivit tibi sui consili , lenis a te et facilis existimari debeo , qui nihil tecum de his ipsis rebus expostulem .
2522	#' sed per deos immortalis!—te enim intuens , Dolabella , qui es mihi carissimus , non possum de utriusque vestrum errore reticere .
578	#miror cur me accuses , cum tibi id facere non liceat .
1295	#ea re ad te statim Aristocritum misi ut ad me continuo initia rerum et rationem totius negoti posses scribere ;
3914	#quid opus est legem cauere ne puniatur , si quis ui patrem sopitum et subita corporis grauitate conlapsum excitauit , cum illa non iniuria sed medicina fuerit ?
5064	#Cetera ex astrologia , quos effectus habeant signa XII , stellae V , sol , luna ad humanae vitae rationem , Chaldaeorum ratiocinationibus est concedendum , quod propria est eorum genethlialogiae ratio , uti possint ante facta et futura ex ratiocinationibus astrorum explicare .
1827	#Ab eo flumine pari acclivitate collis nascebatur adversus huic et contrarius , passus circiter CC infimus apertus , ab superiore parte silvestris , ut non facile introrsus perspici posset .
181	#eadem autem epistula petebas ut cos quam primum , ne in hiemem inciderent , ad facultatem aedificandi liberarem , et simul peracute querebare , quod eos tributa exigere vetarem prius quam ego re cognita permisissem ;
5245	#Itaque , Stolo inquit , proposita magnitudine fundi de eo genere Cato scribit , oliveti iugera CCXL qui coleret , eum instruere ita oportere , ut faceret vasa olearia iuga quinque , quae membratim enumerat , ut ex aere ahenea , urceos , nassiternam , item alia :
3423	#nemo illi placere potest .
2330	#sed quom eae litterae adlatae , forte Nabdalsa exercito corpore fessus in lecto quiescebat , ubi cognitis Bomilcaris verbis primo cura , deinde , uti aegrum animum solet , somnus cepit .
4362	#aut officio facere , quod causa necessitudinis intercedat ;
3122	#cum uero se siluis montibusque tradiderat , in siluis ac montibus natos omnes illos agrestis laboris patientia et uenandi solertia prouocabat et in tantam perueniebat sic uiuendi cupiditatem , ut uix posset ad priorem consuetudinem retrahi .
1302	#sin , ut ego metuo , transactum est , quoquo modo potes ad me fac venias .
2285	#ferro an fame acrius urgear , incertus sum .
5353	#Pleraque similiter faciendum in ovibus pellitis , quae propter lanae bonitatem , ut sunt Tarentinae et Atticae , pellibus integuntur , ne lana inquinetur , quo minus vel infici recte possit vel lavari ac putari .
556	#Usquequaque sapere oportet ;
131	#praesertim contra eum , cui spero me satis fecisse , ab eo , cui iam satis fieri nullo modo potest .
70	#me quidem certe tuarum actionum , sententiarum , voluntatum , rerum denique omnium socium comitemque habebis , neque mihi in omni vita res tam erit ulla proposita , quam ut cotidie vehementius te de me optime meritum esse laetere .
1815	#Cum finem oppugnandi nox fecisset , Iccius Remus , summa nobilitate et gratia inter suos , qui tum oppido praeerat , unus ex iis qui legati de pace ad Caesarem venerant , nuntium ad eum mittit , nisi subsidium sibi submittatur , sese diutius sustinere non posse .
2287	#quod ubi secus procedit neque quod intenderat efficere potest , ut , prius quam legatos conveniret , Adherbalis potiretur , ne amplius morando Scaurum , quem plurumum metuebat , incenderet , cum paucis equitibus in provinciam venit .
2669	#Tarquinium Brutus bello est persecutus , qui tum rex fuit cum esse Romae licebat ;
2456	#Sic utrorumque excercitus instructi non plus passum CCC interiecto spatio , quod forsitan ante id tempus acciderit numquam quin dimicaretur , a mane usque ad horam X die perstiterunt .
4065	#an etiam si propter hoc uerbum patris periit , damnari tamen pater non debeat :
3394	#haec si non potes , aliqua saltem ex commentariis amici tui describe :
3153	#aequauit iam potentiam meam cum illius potentia fortuna , nisi quod haec prior facere non possum .
2312	#quorum etiam qui firmioribus animis obvii hostibus fuerant , ludificati incerto proelio ipsi modo eminus sauciabantur , neque contra feriundi aut conserundi manum copia erat .
2014	#quam ad diem ei legioni quae in praesidio relinquebatur deberi frumentum sciebat .
4452	#Ergo inutilest ei , qui discere vult , <non> putare unum omnia posse .
4871	#in palaestra peristylia , quemadmodum supra scriptum est , ita debent esse perfecta distributa .
655	#de summa re publica saepe tibi scripsi me in annum pacem non videre et , quo propius ea contentio quam fieri necesse est accedit , eo clarius id periculum apparet .
1957	#non aegris , non vulneratis facultas quietis datur .
3138	#O felix spectaculum , si uos in gratiam possum reducere , faciamque , hoc uultus quoque uestri hortantur .
4693	#posteaquam per hibernas tempestates tecta non potuerunt imbres sustinere , fastigia facientes , luto inducto proclinatis tectis , stillicidia deducebant .
4605	"#""Tu illo <plures > mittas oportet"" , inquit , ""si hodie vis transnumerari. """
4849	#et unus medius contra se valvas regias habere debet , et qui erunt dextra sinistra , hospitaliorum designabunt compositionem , extremi duo spectabunt itinera versurarum .
1759	#Diutius cum sustinere nostrorum impetus non possent , alteri se , ut coeperant , in montem receperunt , alteri ad impedimenta et carros suos se contulerunt .
1146	#neque ego haec polliceri debeo , quae tibi ipsi , cum bene cognoris , iudicanda sunt ;
2677	#qua peste privato consilio rem publicam —neque enim fieri potuit aliter —Caesar liberavit :
3469	#Miraris me dubitare ? ipsa lex inter mortem et nuptias dubia est .
5218	#Eam coniecturam fieri posse ex aliarum rerum imperatis , et in eo eorum e noviciis requisitione , ad priorem dominum quid factitarint .
3775	#quo uno modo honeste potui feci filiam meam ceteris similem , fortunam meam publicae parem :
1622	#interea manerent indutiae , dum ab illo rediri posset , neve alter alteri noceret .
646	#alia quae possunt accidere non cerno .
964	#aequaliter aut sorte agras legionibus adsignari puto oportere .
3629	#uolui fratrem occidere , non potui .
4104	#egentem hominem et qui ne se quidem alere nedum alios posset , sustulisse eos qui iam relicti sine spe uix spiritum traherent , quibus non iniuria fieret si aliquid detraheretur , sed beneficium daretur si uita seruaretur .
4132	#An hoc ei facere licuerit .
3556	#an quaecumque quinquennio non peperit , tamquam sterilis dimitti possit .
3724	#an non semper filius cogi possit , ut matrem alat ;
2671	#cum illo ego te dominandi cupiditate conferre possum , ceteris vero rebus nullo modo comparandus es .
1517	#ipsi erant transcendendae valles maximae ac difficillimae , saxa multis locis praerupta iter impediebant , ut arma per manus necessario traderentur militesque inermes sublevatique alii ab aliis magnam partem itineris conficerent .
4959	#conclavibus autem , ubi ignis aut plura lumina sunt ponenda , purae fieri debent , ut eo facilius extergeantur ;
2554	#ita quod proprie meum est laudasti ;
155	#de mea autem benevolentia erga te etsi potes ex eodem Phania cognoscere , tamen videntur etiam aliquae meae partes ;
4785	#sin autem sigilla designari oportuerit , quarta parte altior quam epistylium , uti auctoritatem habeant scalpturae .
3334	#subice ignes et semimortuam hanc faciem , quae tantum in contumeliam suam spirat , quia extingui non potest exure .
4118	#et hoc qui dicit ipse fortassis pater est .
5494	#Sic inter vallo interposito alterum et tertium ordinem infra faciunt et aiunt potius hinc demi oportere , quam addi quartum .
5125	#neque ea ipsa omnibus locis neque eisdem rationibus possunt utilia esse , quod differentes sunt munitiones munitionibus nationumque fortitudines .
512	#nam me cum antea taedebat , cum et aetas et ambitio me hortabatur , et licebat denique , quem nolebam , non defendere , tum vero hoc tempore vita nulla est .
545	#Nisi ante Roma profectus esses , nunc eam certe relinqueres ;
2094	#Nam ut commutato consilio iter in provinciam converteret , id ne metu quidem necessario faciendum existimabat ;
1765	#ex his qui arma ferre possent ad milia nonaginta duo .
3519	#Et cum hoc unum puero noceat quod ex meretrice natus est , omnes operam dederunt , ut quantuni controuersia licebat huic uitio mederentur efficerentque ne quicquam in illa uideretur meretricis fuisse nisi nomen .
2861	#excogitare quae tua ratio sit , Calene , non possum .
3581	#faciat etiamsi non quod oportet fieri , at quod solet .
2475	#Eodem tempore ex legionibus omnibus milites qui aut morbo impediti aut commeatu dato cum signis non potuerant ante transire in Africam , ad milia IIII , equites CCCC , funditores sagittariique mille uno commeatu Caesari occurrerunt .
1252	#non me praeterit nos eam rem Ephesi expertos esse neque ab Ephesiis ullo modo impetrare potuisse ;
3009	#etenim qui multorum custodem se profiteatur , eum sapientes sui primum capitis aiunt custodem esse oportere .
3895	#meam culpam esse oportet , ut mea poena sit .
1797	#Multa a Caesare in eam sententiam dicta sunt quare negotio desistere non posset :
3389	#merito potens est :
4109	#SILO POMPEIVS illo colore usus est :
1356	#vallo et fossa circumdedi , sex castellis castrisque maximis saepsi , aggere , vinus , turribus oppugnavi ususque tormentis multis , multis sagittarus magno labore meo sine ulla molestia sumptuve sociorum septimo quinquagesimo die rem confeci , ut omnibus partibus urbis disturbatis aut incensis compulsi in potestatem meam pervenirent .
721	#scio enim me nihil tibi gratius facere posse .
2375	#quem ubi cunctari accepit et dubium belli atque pacis rationes trahere , rursus uti antea proxumos eius donis corrupit , ipsique Mauro pollicetur Numidiae partem tertiam , si aut Romani Africa expulsi aut integris suis finibus bellum conpositum foret .
5014	#Haec autem sic fieri testimonio possunt esse capita fluminum , quae orbe terrarum chorographiis picta itemque scripta plurima maximaque inveniuntur egressa ad septentrionem .
336	#non enim fuit aut mediocre aut obscurum aut eius modi , quod silentio posset praeteriri .
4825	#pluteum , quod fuerit inter superiores et inferiores columnas , lumnas , item quarta parte minus , quam superiores columnae fuerint , oportere fieri videtur , uti supra basilicae contignationem ambulantes ab negotiatoribus ne conspiciantur .
3276	#cum quod utraque optat fieri non possit , an ea eligenda sit optio , qua ultio ad utramque perueniat .
4044	#uolui , inquit , cedere , sed erant qui dicerent non licere ;
4418	#Docet igitur nos ipsa natura , quid oporteat fieri .
1949	#Praeterea accidit , quod fieri necesse erat , ut vulgo milites ab signis discederent , quae quisque eorum carissima haberet , ab impedimentis petere atque arripere properaret , clamore et fletu omnia complerentur .
2073	#Caesar nuntiis ad civitatem Aeduorum missis , qui suo beneficio conservatos docerent quos iure belli interficere potuisset , tribusque horis noctis exercitui ad quietem datis castra ad Gergoviam movit .
3646	#In narratione hoc colore usus est et dixit :
595	#tu vellem ne veritus esses ne †pluribus legerem tuas litteras , si mihi , quem ad modum scribis , longiores forte misisses , ac velim posthac sic statuas , tuas mihi litteras longissimas quasque gratissimas fore.
3639	#De colore inter maximos et oratores et declamatores disputatum est utrumne aliquid deberet dici in nouercam an nihil.
4343	#Iustitiae partibus utemur , si aut innocentium aut supplicium misereri dicemus oportere ;
3008	#gloriam in morte debent ei qui in re publica versantur , non culpae reprehensionem et stultitiae vituperationem relinquere .
4584	#Ergo huiusmodi vehementer ornata poterit esse expolitio , quae constabit ex frequentibus exornationibus verborum et sententiarum .
3264	#non potui , inquit , matrem occidere .
1981	#redeuntes equites quos possunt consectantur atque occidunt .
4152	#Etsi [in] negotiis familiaribus inpediti vix satis otium studio suppeditare possumus et id ipsum , quod datur otii , libentius in philosophia consumere consuevimus , tamem tua nos , Gai Herenni , voluntas commovit , ut de ratione dicendi conscriberemus , ne aut tua causa noluisse aut fugisse nos laborem putares .
2417	#eis se [in] miseris suamque fidem implorantibus auxilio propter copiarum paucitatem esse non posse .
5501	#Alii uvam passam et ficum cum pisierunt , affundunt sapam atque ex eo factas offas apponunt ibi , quo foras hieme in pabulum procedere tamen possint .
784	#itaque commemoratio tua paternae necessitudinis benevolentiaeque eius , quam erga me a pueritia contulisses , ceterarumque rerum , quae ad eam sententiam pertinebant incredibilem mihi laetitiam attulerunt ;
2833	#quae est igitur spes , qui Mutinam circumsedent , imperatorem populi Romani exercitumque oppugnant , eis pacem cum populo Romano esse posse ?
4117	#quod Priamus gaudere senex post Hectora posset , hoc fuit .
3798	#De me , inquit , queri non potestis ;
568	#primum ipsas ego Musas numquam tanti putassem atque id fecissem Musis omnibus approbantibus , sed tamen erat aptum bybliothecae studiisque nostris congruens ;
4140	#FVSCO ARELLIO placebat , emptum quidem illum in alios usus , sed cum deficeret et mori uellet , in id quod unum ex cadauere artifex poterat inpensum .
4159	#Quoniam ergo demonstratum est , quas causas oratorem recipere quasque res habere conveniat , nunc , quemadmodum possit oratio ad rationem oratoris officii adcommodari , dicendum videtur .
3041	#licet autem nemini contra patriam ducere exercitum ;
3933	#quid necesse est ?
391	#quod igitur fecissem ad urbem , si consuetudo pristina maneret , id , quoniam lege Iulia relinquere rationes in provincia necesse erat easdemque totidem verbis referre ad aerarium , feci in provincia , neque ita feci ut te ad meum arbitrium adducerem , sed tribui tibi tantum , quantum me tribuisse numquam me paenitebit .
5280	#Secunda semina videre oportet ne , unde tollas , nimium cito aut tarde tollas .
3378	#Sic uenisse populum Romanum ad Scipionem Aemilianum , cum maius bellum Numantianum apparuisset quam quod sustinere alii duces possent ;
259	#an ut ea liberos ex sese pareret , quos cum florentis videret laetaretur , qui rem a parente traditam per se tenere possent , honores ordinatim petituri essent in re publica , in amicorum negotiis libertate sua usuri ?
4719	#Ergo quibus locis non sunt terrosi montes sed genere materiae , ( est autem materiae potestas mollior quam tofus , solidior quam terra ignis vis per eius venas egrediens adurit eam .
5470	#Deinde cotidie , serenum cum est , producunt in prata , item piscinas aut paludes , iisque faciunt haras supra terram aut suptus , in quas non inducunt plus vicenos pullos , easque cellas provident ne habeant in solo umorem et ut molle habeant substramen e palea aliave qua re , neve qua eo accedere possint mustelae aliaeve quae bestiae noceant .
5069	#metae fiunt duae , una solida , una cava , ex torno ita perfectae , ut alia in aliam inire convenireque possit et eadem regula laxatio earum aut coartatio efficiat aut vehementem aut lenem in ea vasa aquae influentem cursum .
1229	#*mulasei=s et *)alabandei=s pecuniam Cluvio debent .
1035	#Nisi quid navibus Laudicenorum supportarit , cito fame pereat necesse est ;
2996	#itaque ut alacres et laeti spe pacis oblata inter se impii cives , quasi vicissent , gratulabantur , sic me iniquum eierabant , de me querebantur ;
5366	#Scrofa in sua quaeque hara suos alat oportet porcos , quod alienos non aspernatur et ideo , si conturbati sunt , in fetura fit deterior .
3783	#tamquam ipse ire non possis .
99	#qui si ex omnibus unus optandus esset , quem tecum conferre possemus non haberemus .
16	#quid enim aut me ostentem , qui , si vitam pro tua dignitate profundam , nullam partem videar meritorum tuorum adsecutus , aut de aliorum iniuriis querar , quod sine summo dolore facere non possum ?
4814	#Omnes aedium sacrarum ratiocinationes , uti mihi traditae sunt , exposui ordinesque et symmetrias earum partitionibus distinxi , et quarum dispares sunt figurae et quibus discriminibus inter se sunt disparatae , quoad potui significare scriptis , exposui .
3901	#si quis me uidet , iudices , modo duorum liberorum patrem , nunc sollicitudine periclitantem , certum habeo dicit crudelem indicem .
150	#magni enim videbatur interesse ad eam necessitudinem , quam nobis sors tribuisset , consuetudinem quoque accedere .
3911	#Fecit quod debebat qui patrem ceciderat :
1943	#In quo si non praesens periculum , at certe longinqua obsidione fames esset timenda .
4477	"#Solent enim diu cogitare omnes , qui magna negotia volunt agere. "" Non potest huiusmodi sermo tenere adtentum auditorem ;"
1732	#Tamen , ut spatium intercedere posset dum milites quos imperaverat convenirent , legatis respondit diem se ad deliberandum sumpturum :
1691	#si Apolloniam Oricumque obpugnare et se omni maritima ora excludere conaretur , obsesso Scipione necessario illum suis auxilium ferre cogeret .
2474	#Thabenenses interim qui sub dicione et potestate Iubae esse consuessent in extrema eius regni regione maritima locati , interfecto regio praesidio legatos ad Caesarem mittunt , rem [male] gestam docent , petunt orantque ut suis fortunis populus Romanus quod bene meriti essent , auxilium ferret .
3449	#Non possum , inquit , relinquere uirum .
816	#id ex ipso s. c. poteris cognoscere ita enim est perscriptum , ut a me de scripto dicta sententia est ;
4928	#Sed hoc valde est mirandum , nec enim graece nec latine potest id convenire .
3974	#uerum est , sed nec mater eius potuisset .
5364	#Cui ego , Non minus res admiranda cum mi esset dicta in Arcadia , scio me isse spectatum suem , quae prae pinguitudine carnis non modo surgere non posset , sed etiam ut in eius corpore sorex exesa carne nidum fecisset et peperisset mures .
3158	#an adoptatus abdicari possit .
611	#tuus porro exercitus vix unum saltum tueri potest .
2770	#nec vero cuiquam possumus commemorare hunc honorem a senatu tributum iudicio senatus soluto et libero .
1581	#quod si iam , ' inquit , 'haec explorata habeamus , quae de exercitus alienatione dicuntur , quae quidem ego aut omnino falsa aut certe minora opinione esse confido , quanto haec dissimulari et occultari , quam per nos confirmari praestet ?
2462	#Qua de re Caesar per indicem certior factus tertia vigilia legiones duas cum equitatu mittit a castris suis milia passuum X atque inde magno numero frumenti onustos recipit in castra .
3733	#timeo hunc in aliena potestate .
2788	#res enim ex Kalendis Ianuariis agitata paulo ante confecta est , minus quidem illa severe quam decuit , non tamen omnino dissolute .
4281	#Deinde quaerendum est quo modo vis illa vitari potuerit ac levari .
2306	#postremo quaecumque dici aut fingi queunt ignaviae luxuriaeque probra , <ea> in illo exercitu cuncta fuere et alia amplius .
1881	#neque verum esse , qui suos fines tueri non potuerint alienos occupare ;
1838	#a quibus se defelldere traditis armis non possent .
2967	#Allienus , familiaris et necessarius meus , post interitum Treboni profecto ne dici quidem se legatum Dolabellae volet .
352	#qui tum denique sibi evelli iubet spiculum , postea quam ei percontanti dictum est clipeum esse salvum , ut etiam in vulneris dolore aequo animo cum laude moreretur .
2763	#cuius ut superiora omittam , quae sunt maxima illa quidem sed adhuc hominum magis iudiciis quam publice laudata , quibusnam verbis eius laudes huius ipsius temporis consequi possumus ?
1479	#paulo post renuntiat , quod consules absint , sine illis non posse agi de compositione .
2882	#secum enim ille mortem extulit quam , si nobiscum remansisset , sua cura , optimi fili fidelissimaeque coniugis diligentia vitare potuisset .
1337	#sed si quid apud vos auctoritas mea ponderis habet , in iis praesertim rebus , quas vos audistis , ego paene cerno , magno opere vos et hortor et moneo ut his provinciis serius vos quidem quam decuit , sed aliquando tamen consulatis .
2254	#Verum ex iis magistratus et imperia , postremo omnis cura rerum publicarum minume mihi hac tempestate cupiunda videntur , quoniam neque virtuti honos datur neque illi , quibus per fraudem ius fuit , tuti aut eo magis honesti sunt .
1807	#Eo cum de improviso celeriusque omnium opinione venisset , Remi , qui proximi Galliae ex Belgis sunt , ad eum legatos Iccium et Andebrogium , primos civitatis , miserunt , qui dicerent se suaque omnia in fidem atque potestatem populi Romani permittere , neque se cum reliquis Belgis consensisse neque contra populum Romanum coniurasse , paratosque esse et obsides dare et imperata facere et oppidis recipere et frumento ceterisque rebus iuvare ;
1784	#Qui se ex his minus timidos existimari volebant , non se hostem vereri , sed angustias itineris et magnitudinem silvarum quae intercederent inter ipsos atque Ariovistum , aut rem frumentariam , ut satis commode supportari posset , timere dicebant .
1928	#Nostri acriter in eos impetu facto reppulerunt neque finem sequendi fecerunt , quoad subsidio confisi equites , cum post se legiones viderent , praecipites hostes egerunt magnoque eorum numero interfecto neque sui colligendi neque consistendi aut ex essedis desiliendi facultatem dederunt .
3713	#Cicero male audiebat tamquam nec Pompeio certus amicus nec Caesari , sed utriusque adulator .
3193	#Adiciebat leno merito occisum militem , plus ausum quam in prostitutam licebat .
726	#quod si id possem , non recusarem .
4929	#sin autem hypogea concamarationesque instituentur , fundationes eorum fieri debent crassiores , quam quae in superioribus aedificiis structurae sunt futurae .
1698	#Exercitum cum militari more ad pugnam cohortaretur suaque in eum perpetui temporis officia praedicaret , in primis commemoravit testibus se militibus uti posse , quanto studio pacem petisset , quae per Vatinium in colloquiis , quae per Aulum Clodium cum Scipione egisset , quibus modis ad Oricum cum Libone de mittendis legatis contendisset .
4967	#namque propter ieiunitatem quae est a fornacibus excocta non possunt recipere nec sustinere , nisi calx subiecta utrasque res inter se conglutinet et cogat coire .
1564	#hunc sic distulit ventus , uti uno tempore agger plutei testudo turris tormenta flammam conciperent et prius haec omnia consumerentur , quam quemadmodum accidisset , animadverti posset .
4323	#Item vitiosum est ex eo , quia perperam factum constet esse , putari ostendi a certo homine factum esse , hoc modo :
3638	#non potui citius :
1972	#Interim speculatoribus in omnes partes dimissis explorat quo commodissime itinere vallem transire possit .
4474	#Qui in mediocre genus orationis profecti sunt , si pervenire eo non potuerunt , errantes perveniunt ad confinii genus eius generis ;
2720	#quem enim possumus appellare eum contra quem qui exercitus ducunt , eis senatus arbitratur singularis exquirendos honores ?
4876	#ita erit uti possit turris insuper aedificari .
2667	#etenim ista tua minime avara coniunx quam ego sine contumelia describo nimium diu debet populo Romano tertiam pensionem .
2687	#tuae coniugis , bonae feminae , locupletis quidem certe , Bambalio quidam pater , homo nullo numero .
647	#quod ad tuum decessum attinet , illud tibi non possum polliceri , me curaturum ut tibi succedatur ;
1328	#vos videte quid aliae faciant isto loco feminae et ne , cum velitis , exire non liceat .
1097	#cuius tibi negotia quae sunt in Africa ita commendo ut maiore studio magisve ex animo commendare non possim .
146	#et hercule sine dubio erit ignominia ;
3686	#necesse certe non fuit manum caputque praecidere mortuo .
1270	#tanta mihi cum eo necessitudo est familiaritasque , ut si mea res esset non magis laborarem .
4184	#et si non ad extremum , sed usque eo , quo opus erit , persequemur ;
2157	#Quo cum adventaret atque ex captivis certius cognosceret multis hominum milibus a Dumnaco , duce Andium , Duratium clausum Lemoni oppugnari neque infirmas legiones hostibus committere auderet , castra posuit loco munito .
2293	#necesse est suomet ipsi more praecipites eant .
3896	#neque enim lex adhibenti uim irascitur , sed passo succurrit et iniquum illi uidetur id ratum esse quod aliquis non quia uoluit pactus est , sed quia coactus est .
810	#quod mihi quidem minime novum , qui et te nossem et tuarum litterarum ad me missarum promissa meminissem et haberem a Furnio nostro tua penitus consilia cognita , sed senatui maiora visa sunt quam erant exspectata , non quo umquam de tua voluntate dubitasset , sed nec quantum facere posses nec quo progredi velles exploratum satis habebat .
151	#accepi autem a te missas litteras in Cilicia , cum essem in castris , a. d. x K. Quintilis scriptas humanissime , quibus facile et officium et ingenium tuum perspici posset , sed neque unde nec quo die datae essent aut quo tempore te exspectarem significabant , nec is , qui attulerat , a te acceperat , ut ex eo scirem , quo ex loco aut quo tempore essent datae .
45	#quod tibi ut planius exponam , altius paulo rationem consiliorum meorum repetam necesse est .
3131	#Plura fortasse de Latrone meo uideor uobis quam audire desiderastis exposuisse ;
4127	#Olynthiis mori liceat .
4962	#cum ergo ita in parietibus tectoria facta fuerint , uti supra scriptum est , et firmitatem et splendorem et ad vetustatem permanentem virtutem poterunt habere .
5117	#turrem autem minimam ait oportere fieri ne minus altam cubitorum LX , latitudinem XVII , contracturam autem summam imae partis quintam , arrectaria turris in imo dodrantalia , in summo semipedalia .
23	#nunc id speramus idque molimur , ut rex , cum intellegat sese , quod cogitabat , ut a Pompeio reducatur , adsequi non posse et , nisi per te sit restitutus , desertum se atque abiectum fore , proficiscatur ad te ;
361	#sin autem , sicut hinc discesseras , lacrimis ac tristitiae te tradidisti , doleo , quia doles et angere , non possum te non , si concedis , quod sentimus , ut liberius dicamus , accusare .
4060	#an possit dementiae agi cum patre ob ullam aliam rem quam ob dementiam .
1997	#Plerique , cum aut aere alieno aut magnitudine tributorum aut iniuria potentiorum premuntur , sese in servitutem dicant nobilibus :
839	#itaque rediturus sum nec tanta munera perditis hominibus dari posse sinam .
4063	#damnare non potes patrem propter uerba , immo propter uerbum .
4462	#In gravei consumetur oratio figurae genere , si , quae cuiusque rei poterunt ornatissima verba reperiri , sive propria sive extranea , unam quamque rem adcommodabuntur ;
101	#unum hoc sic habeto , si a te hanc rem impetraro , me paene plus tibi quam ipsi Miloni debiturum ;
4178	#Item vitiosum est , quo nihilo minus adversarius potest uti , quod commune appellatur ;
3970	#Non ferebat nec illam TRIARI sententiam , qua aliter HATERIVS usus est , cum ad epilogum peruenisset :
95	#tu tamen , sive habes aliquam spem de re publica sive desperas , ea para , meditare , cogita , quae esse in eo civi ac viro debent , qui sit rem publicam adflictam et oppressam miseris temporibus ac perditis moribus in veterem dignitatem et libertatem vindicaturus .
245	#quae quidem vel optimis rebus et usui et delectationi esse possent , his vero temporibus habemus aliud nihil , in quo adquiescamus .
3353	#ego uero te etiam hortari possum in uoluptates .
5131	#alia autem exemplaria non possunt habere , sed per se constituuntur ;
2009	#Ipse , cum maturescere frumenta inciperent , ad bellum Ambiorigis profectus per Arduennam silvam , quae est totius Galliae maxima atque ab ripis Rheni finibusque Treverorum ad Nervios pertinet milibusque amplius quingentis in longitudinem patet , Lucium Minucium Basilum cum omni equitatu praemittit , si quid celeritate itineris atque opportunitate temporis proficere possit ;
465	#omnia excogitare vel studio vel aetate vel metu non potest .
1210	#est igitur in tua potestate ut ille in me satis sibi praesidi putet esse .
4383	#Quare , <et > quia nemo de ea re diligenter scripsit - nam omnes vix posse putarunt de voce et vultu et gestu dilucide scribi , cum eae res ad sensus nostros pertinerent - et quia magnopere <ea pars> a nobis ad dicendum conparanda est , non neglegenter videtur tota res consideranda .
3908	#Quam languidae caedentis manus erant ! non putarem illum posse tyrannicidium facere .
1454	#praeterea cognitum compertumque sibi alieno esse animo in Caesarem milites , neque iis posse persuaderi , uti eum defendant aut sequantur .
2309	#Iugurtha ubi Metelli dicta cum factis conposuit ac se suis artibus temptari animadvortit , quippe quoi verbis pax nuntiabatur , ceterum re bellum asperrumum erat , urbs maxuma alienata , ager hostibus cognitus , animi popularium temptati , coactus rerum necessitudine statuit armis certare .
1513	#posse prius ad angustias veniri , quam sentiretur .
1325	#tamen ab illo fortasse nascetur .
3208	#an es casta talis qualis uideri potest cui lex nocere uult matrem quoque incestam ?
3549	#an ne sterilis quidem pro certo sit .
5036	#primum in opere quod si quod vitium factum fuerit , quilibet id potest reficere .
3213	#maior res uidebatur , quam ut posset credi sine deorum immortalium adiutorio gesta .
912	#quamquam , cum hortatione non egeas , ut supra scripsi , non utar ea pluribus verbis , faciam illud , quod meum est , ut tibi omnia mea officia , studia , curas , cogitationes pollicear , quae ad tuam laudem et gloriam pertinebunt .
3099	#Eos enim civis pugna illa sustulerat quibus non modo vivis sed etiam victoribus incolumis et florens civitas esse posset .
2792	#vastaturum agros , Mutinam obsessurum , dilectus qua possit habiturum .
264	#quod ad me attinet , cum te tranquilliorem animo esse cognoro , de iis rebus , quae hic geruntur , quemadmodumque se provincia habeat , certiorem faciam .
485	#veteres mihi necessitudines cum his omnibus intercedunt , quibuscum ego agere de te non destiti ;
2442	#Id hac ratione opus instruebat , ut cum propius oppidum copias admovisset oppugnareque coepisset , tecta latera suis munitionibus haberet , ne ab equitatus multitudine circumventus ab oppugnatione deterreretur , praeterea quo facilius colloquia fiere possent , et siqui perfugere vellent , id quod antea saepe accidebat magno cum eorum periculo , tum facile et sine periculo fieret .
3773	#et ideo , inquit , facilius potuit non uitiari quia nemo in domum nostram oculos dirigebat .
3219	#Multum potest ad flectendum quoque pudici animi propositum hostis , gladius :
4164	#Sin turpe causae genus erit , insinuatione utendum est , de qua posterius dicemus , nisi quid nacti erimus , qua re adversarios criminando benivolentiam captare possimus .
4153	#Nunc , ne nimium longa sumatur oratio , de re dicere incipiemus , [sed ] si te unum illud monuerimus , artem sine adsiduitate dicendi non multum iuvare , ut intellegas hanc rationem praeceptionis ad exercitationem adcommodari oportere .
5118	#fieri autem ait oportere eam turrem tabulatorum decem , singulis partibus in ea fenestratis .
5105	#Super autem tympanum planum eadem ratione dentatum inclusum in altero loculamento conlocetur , convenientibus dentibus denticulo , qui in secundi tympani latere fuerit fixus , in eoque tympano foramina fiant , quantum diurni itineris miliariorum numero cursus raedae possit exire .
4345	#si leges et mores civitatis egregie dicemus oportere servari ;
550	#quid fiet porro populo Ulubrano , si tu statueris politeu/esqai non oportere ?
3143	#non senectute sed fame membris trementibus , semesa et tenui facie atque elisa ieiunio uoce ut uix exaudiri posset , introrsus conditos oculos uix alleuans :
2987	#atqui tum ea petebat quae videbantur improba omnino sed tamen aliquo modo posse concedi ;
